INSERT INTO `t_attribute` (`Object_ID`, `Name`, `Scope`, `Stereotype`, `Containment`, `IsStatic`, `IsCollection`, `IsOrdered`, `AllowDuplicates`, `LowerBound`, `UpperBound`, `Container`, `Notes`, `Derived`, `ID`, `Pos`, `GenOption`, `Length`, `Precision`, `Scale`, `Const`, `Style`, `Classifier`, `Default`, `Type`, `ea_guid`, `StyleEx`) VALUES
	(2, 'Name', 'Private', NULL, 'Not Specified', 0, 0, 0, 0, '1', '1', NULL, NULL, NULL, 1, 0, NULL, NULL, NULL, NULL, NULL, NULL, '0', NULL, 'String', '{526C2D1F-26BB-4876-9109-00E78DD62EE0}', 'volatile=0;'),
	(2, 'Phone Number', 'Private', NULL, 'Not Specified', 0, 0, 0, 0, '1', '1', NULL, NULL, NULL, 2, 1, NULL, NULL, NULL, NULL, NULL, NULL, '0', NULL, 'String', '{53E552EB-2290-415b-A6FB-62B26D82866F}', 'volatile=0;'),
	(2, 'Email Adress', 'Private', NULL, 'Not Specified', 0, 0, 0, 0, '1', '1', NULL, NULL, NULL, 3, 2, NULL, NULL, NULL, NULL, NULL, NULL, '0', NULL, 'String', '{68D1F4FB-0436-482b-8557-05FFE35E5B96}', 'volatile=0;'),
	(4, 'Student Number', 'Private', NULL, 'Not Specified', 0, 0, 0, 0, '1', '1', NULL, NULL, NULL, 4, 0, NULL, NULL, NULL, NULL, NULL, NULL, '0', NULL, 'int', '{50C5339A-3BEA-4d35-9522-032AE20A50BB}', 'volatile=0;'),
	(4, 'Average Mark', 'Private', NULL, 'Not Specified', 0, 0, 0, 0, '1', '1', NULL, NULL, NULL, 5, 1, NULL, NULL, NULL, NULL, NULL, NULL, '0', NULL, 'float', '{F29B293C-54E5-401b-834D-FB898AC26E4F}', 'volatile=0;'),
	(5, 'Salary', 'Private', NULL, 'Not Specified', 0, 0, 0, 0, '1', '1', NULL, NULL, NULL, 6, 0, NULL, NULL, NULL, NULL, NULL, NULL, NULL, NULL, 'int', '{F8269617-416C-4913-8E1F-ED91E4D41C69}', 'volatile=0;'),
	(3, 'City', 'Private', NULL, 'Not Specified', 0, 0, 0, 0, '1', '1', NULL, NULL, NULL, 7, 0, NULL, NULL, NULL, NULL, NULL, NULL, '0', NULL, 'String', '{674FFB67-2D1A-4c40-9608-7CF046817EEF}', 'volatile=0;'),
	(3, 'Street', 'Private', NULL, 'Not Specified', 0, 0, 0, 0, '1', '1', NULL, NULL, NULL, 8, 1, NULL, NULL, NULL, NULL, NULL, NULL, '0', NULL, 'String', '{7A112173-CF43-46dd-B1E3-62A38C8101FB}', 'volatile=0;'),
	(3, 'State', 'Private', NULL, 'Not Specified', 0, 0, 0, 0, '1', '1', NULL, NULL, NULL, 9, 2, NULL, NULL, NULL, NULL, NULL, NULL, '0', NULL, 'String', '{DC648C7C-06AC-4739-8301-E3F9D6D006F7}', 'volatile=0;'),
	(3, 'Postal Code', 'Private', NULL, 'Not Specified', 0, 0, 0, 0, '1', '1', NULL, NULL, NULL, 10, 3, NULL, NULL, NULL, NULL, NULL, NULL, NULL, NULL, 'int', '{FB48C49A-A2AC-4ad4-ADDE-C9B0208729FD}', 'volatile=0;'),
	(3, 'Country', 'Private', NULL, 'Not Specified', 0, 0, 0, 0, '1', '1', NULL, NULL, NULL, 11, 4, NULL, NULL, NULL, NULL, NULL, NULL, '0', NULL, 'String', '{EDE28507-68C3-4563-B28D-B0807DA86663}', 'volatile=0;');




INSERT INTO `t_cardinality` (`Cardinality`) VALUES
	('*'),
	('0'),
	('0..*'),
	('0..1'),
	('1'),
	('1..'),
	('1..*');



INSERT INTO `t_complexitytypes` (`Complexity`, `NumericWeight`) VALUES
	('V.Low', 1),
	('Low', 2),
	('Medium', 3),
	('High', 4),
	('V.High', 5),
	('Extreme', 6);

INSERT INTO `t_connector` (`Connector_ID`, `Name`, `Direction`, `Notes`, `Connector_Type`, `SubType`, `SourceCard`, `SourceAccess`, `SourceElement`, `DestCard`, `DestAccess`, `DestElement`, `SourceRole`, `SourceRoleType`, `SourceRoleNote`, `SourceContainment`, `SourceIsAggregate`, `SourceIsOrdered`, `SourceQualifier`, `DestRole`, `DestRoleType`, `DestRoleNote`, `DestContainment`, `DestIsAggregate`, `DestIsOrdered`, `DestQualifier`, `Start_Object_ID`, `End_Object_ID`, `Top_Start_Label`, `Top_Mid_Label`, `Top_End_Label`, `Btm_Start_Label`, `Btm_Mid_Label`, `Btm_End_Label`, `Start_Edge`, `End_Edge`, `PtStartX`, `PtStartY`, `PtEndX`, `PtEndY`, `SeqNo`, `HeadStyle`, `LineStyle`, `RouteStyle`, `IsBold`, `LineColor`, `Stereotype`, `VirtualInheritance`, `LinkAccess`, `PDATA1`, `PDATA2`, `PDATA3`, `PDATA4`, `PDATA5`, `DiagramID`, `ea_guid`, `SourceConstraint`, `DestConstraint`, `SourceIsNavigable`, `DestIsNavigable`, `IsRoot`, `IsLeaf`, `IsSpec`, `SourceChangeable`, `DestChangeable`, `SourceTS`, `DestTS`, `StateFlags`, `ActionFlags`, `IsSignal`, `IsStimulus`, `DispatchAction`, `Target2`, `StyleEx`, `SourceStereotype`, `DestStereotype`, `SourceStyle`, `DestStyle`, `EventFlags`) VALUES
	(1, 'lives at', 'Source -> Destination', NULL, 'Association', NULL, '0..1', 'Public', NULL, '1', 'Public', NULL, NULL, NULL, NULL, 'Unspecified', 0, 0, NULL, NULL, NULL, NULL, 'Unspecified', 0, 0, NULL, 2, 3, NULL, NULL, NULL, NULL, NULL, NULL, 0, 0, 0, 0, 0, 0, 0, 0, 0, 3, 0, -1, NULL, NULL, NULL, NULL, NULL, NULL, NULL, 'SX=0;SY=0;EX=0;EY=0;', 0, '{0F123083-C135-449d-9B71-9D88A4D915A8}', NULL, NULL, 0, 1, 0, 0, NULL, 'none', 'none', 'instance', 'instance', NULL, NULL, NULL, NULL, NULL, NULL, NULL, NULL, NULL, 'Union=0;Derived=0;AllowDuplicates=0;Owned=0;Navigable=Unspecified;', 'Union=0;Derived=0;AllowDuplicates=0;Owned=0;Navigable=Navigable;', NULL),
	(4, NULL, 'Source -> Destination', NULL, 'Generalization', NULL, NULL, 'Public', NULL, NULL, 'Public', NULL, NULL, NULL, NULL, 'Unspecified', 0, 0, NULL, NULL, NULL, NULL, 'Unspecified', 0, 0, NULL, 4, 2, NULL, NULL, NULL, NULL, NULL, NULL, 1, 3, 265, -381, 322, -280, 0, 0, 0, 3, 0, -1, NULL, '0', NULL, NULL, NULL, NULL, NULL, 'SX=0;SY=0;EX=0;EY=0;', 0, '{E3EBAA1F-A48B-4b7c-B063-CB7217E0EB8B}', NULL, NULL, 0, 1, 0, 0, NULL, 'none', 'none', 'instance', 'instance', NULL, NULL, NULL, NULL, NULL, NULL, NULL, NULL, NULL, 'Union=0;Derived=0;AllowDuplicates=0;', 'Union=0;Derived=0;AllowDuplicates=0;', NULL),
	(5, NULL, 'Source -> Destination', NULL, 'Generalization', NULL, NULL, 'Public', NULL, NULL, 'Public', NULL, NULL, NULL, NULL, 'Unspecified', 0, 0, NULL, NULL, NULL, NULL, 'Unspecified', 0, 0, NULL, 5, 2, NULL, NULL, NULL, NULL, NULL, NULL, 1, 3, 454, -380, 383, -280, 0, 0, 0, 3, 0, -1, NULL, '0', NULL, NULL, NULL, NULL, NULL, 'SX=0;SY=0;EX=0;EY=0;', 0, '{048C9606-E25F-4242-993A-B5383DBDB98C}', NULL, NULL, 0, 1, 0, 0, NULL, 'none', 'none', 'instance', 'instance', NULL, NULL, NULL, NULL, NULL, NULL, NULL, NULL, NULL, 'Union=0;Derived=0;AllowDuplicates=0;', 'Union=0;Derived=0;AllowDuplicates=0;', NULL);



INSERT INTO `t_connectortypes` (`Connector_Type`, `Description`) VALUES
	('Abstraction', 'Abstraction'),
	('Aggregation', 'Aggregation'),
	('Assembly', 'Assembly'),
	('Association', 'Association'),
	('Collaboration', 'Collaboration'),
	('CommunicationPath', 'CommunicationPath'),
	('Connector', 'Composite Connector'),
	('ControlFlow', 'ControlFlow'),
	('Delegate', 'Delegate'),
	('Dependency', 'Dependency'),
	('Deployment', 'Deployment'),
	('ERLink', 'ERLink'),
	('Extension', 'Extension'),
	('Generalization', 'Generalization'),
	('InformationFlow', 'InformationFlow'),
	('Instantiation', 'Instantiation'),
	('InterruptFlow', 'InterruptFlow'),
	('Manifest', 'Manifest'),
	('Nesting', 'Nesting'),
	('NoteLink', 'NoteLink'),
	('ObjectFlow', 'ObjectFlow'),
	('Package', 'Package'),
	('ProtocolConformance', 'ProtocolConformance'),
	('ProtocolTransition', 'ProtocolTransition'),
	('Realisation', 'Realisation'),
	('Sequence', 'Sequence'),
	('StateFlow', 'StateFlow'),
	('Substitution', 'Substitution'),
	('Usage', 'Usage'),
	('UseCase', 'UseCase');

INSERT INTO `t_constants` (`ConstantName`, `ConstantValue`) VALUES
	('CompanyName', 'Sparx Systems'),
	('ECF_EC', '1.4'),
	('ECF_EWF', '-0.03'),
	('HoursPerUCP', '20'),
	('ProjectName', 'DOJ'),
	('TCF_TC', '0.6'),
	('TCF_TWF', '0.01');

INSERT INTO `t_constrainttypes` (`Constraint`, `Description`, `Notes`) VALUES
	('Invariant', 'A state the object must always be in', NULL),
	('Post-condition', 'An ending state that must be met', NULL),
	('Pre-condition', 'A starting state that must be met', NULL),
	('Process', 'A process that must occur', NULL);

INSERT INTO `t_datatypes` (`Type`, `ProductName`, `DataType`, `Size`, `MaxLen`, `MaxPrec`, `MaxScale`, `DefaultLen`, `DefaultPrec`, `DefaultScale`, `User`, `PDATA1`, `PDATA2`, `PDATA3`, `PDATA4`, `HasLength`, `GenericType`, `DatatypeID`) VALUES
	('DDL', 'Oracle', 'CHAR', 1, 2000, 0, 0, 1, 0, 0, 0, NULL, NULL, NULL, NULL, NULL, 'char', 1),
	('DDL', 'Oracle', 'VARCHAR2', 1, 4000, 0, 0, 50, 0, 0, 0, NULL, NULL, NULL, NULL, NULL, 'varchar', 2),
	('DDL', 'Oracle', 'VARCHAR', 1, 4000, 0, 0, 50, 0, 0, 0, NULL, NULL, NULL, NULL, NULL, 'varchar', 3),
	('DDL', 'Oracle', 'NCHAR', 1, 2000, 0, 0, 50, 0, 0, 0, NULL, NULL, NULL, NULL, NULL, 'nchar', 4),
	('DDL', 'Oracle', 'NVARCHAR', 1, 4000, 0, 0, 50, 0, 0, 0, NULL, NULL, NULL, NULL, NULL, 'nvarchar', 5),
	('DDL', 'Oracle', 'FLOAT', 1, 126, 0, 0, 126, 0, 0, 0, NULL, NULL, NULL, NULL, NULL, 'float', 6),
	('DDL', 'Oracle', 'NUMBER', 2, 0, 38, 0, 0, 8, 2, 0, NULL, NULL, NULL, NULL, NULL, 'number', 7),
	('DDL', 'Oracle', 'DATE', 0, 0, 0, 0, 0, 0, 0, 0, NULL, NULL, NULL, NULL, NULL, 'datetime', 8),
	('DDL', 'Oracle', 'ROWID', 0, 0, 0, 0, 0, 0, 0, 0, NULL, NULL, NULL, NULL, NULL, 'uniqueidentifier', 9),
	('DDL', 'Oracle', 'RAW', 1, 2000, 0, 0, 2000, 0, 0, 0, NULL, NULL, NULL, NULL, NULL, 'binary', 10),
	('DDL', 'Oracle', 'LONG RAW', 0, 0, 0, 0, 0, 0, 0, 0, NULL, NULL, NULL, NULL, NULL, 'binary', 11),
	('DDL', 'Oracle', 'CLOB', 0, 0, 0, 0, 0, 0, 0, 0, NULL, NULL, NULL, NULL, NULL, 'text', 12),
	('DDL', 'Oracle', 'LONG', 0, 0, 0, 0, 0, 0, 0, 0, NULL, NULL, NULL, NULL, NULL, 'long', 13),
	('DDL', 'Oracle', 'NCLOB', 0, 0, 0, 0, 0, 0, 0, 0, NULL, NULL, NULL, NULL, NULL, 'ntext', 15),
	('DDL', 'Oracle', 'BLOB', 0, 0, 0, 0, 0, 0, 0, 0, NULL, NULL, NULL, NULL, NULL, 'blob', 16),
	('DDL', 'Oracle', 'BFILE', 0, 0, 0, 0, 0, 0, 0, 0, NULL, NULL, NULL, NULL, NULL, 'blob', 17),
	('DDL', 'SQLServer7', 'binary', 1, 8000, 0, 0, 10, 0, 0, 0, NULL, NULL, NULL, NULL, NULL, 'binary', 18),
	('DDL', 'SQLServer7', 'bit', 0, 0, 0, 0, 0, 0, 0, 0, NULL, NULL, NULL, NULL, NULL, 'boolean', 19),
	('DDL', 'SQLServer7', 'char', 1, 8000, 0, 0, 1, 0, 0, 0, NULL, NULL, NULL, NULL, NULL, 'char', 20),
	('DDL', 'SQLServer7', 'datetime', 0, 0, 0, 0, 0, 0, 0, 0, NULL, NULL, NULL, NULL, NULL, 'DateTime', 21),
	('DDL', 'SQLServer7', 'decimal', 2, 0, 38, 0, 0, 18, 0, 0, NULL, NULL, NULL, NULL, NULL, 'decimal', 22),
	('DDL', 'SQLServer7', 'float', 1, 53, 0, 0, 53, 0, 0, 0, NULL, NULL, NULL, NULL, NULL, 'float', 23),
	('DDL', 'SQLServer7', 'image', 0, 0, 0, 0, 0, 0, 0, 0, NULL, NULL, NULL, NULL, NULL, 'binary', 24),
	('DDL', 'SQLServer7', 'int', 0, 0, 0, 0, 0, 0, 0, 0, NULL, NULL, NULL, NULL, NULL, 'integer', 25),
	('DDL', 'SQLServer7', 'money', 0, 0, 0, 0, 0, 0, 0, 0, NULL, NULL, NULL, NULL, NULL, 'currency', 26),
	('DDL', 'SQLServer7', 'nchar', 1, 4000, 0, 0, 10, 0, 0, 0, NULL, NULL, NULL, NULL, NULL, 'nchar', 27),
	('DDL', 'SQLServer7', 'ntext', 0, 0, 0, 0, 0, 0, 0, 0, NULL, NULL, NULL, NULL, NULL, 'ntext', 28),
	('DDL', 'SQLServer7', 'nvarchar', 1, 4000, 0, 0, 50, 0, 0, 0, NULL, NULL, NULL, NULL, NULL, 'nvarchar', 29),
	('DDL', 'SQLServer7', 'numeric', 2, 0, 38, 0, 0, 18, 0, 0, NULL, NULL, NULL, NULL, NULL, 'numeric', 30),
	('DDL', 'SQLServer7', 'real', 0, 0, 0, 0, 0, 0, 0, 0, NULL, NULL, NULL, NULL, NULL, 'real', 31),
	('DDL', 'SQLServer7', 'smalldatetime', 0, 0, 0, 0, 0, 0, 0, 0, NULL, NULL, NULL, NULL, NULL, 'datetime', 32),
	('DDL', 'SQLServer7', 'smallint', 0, 0, 0, 0, 0, 0, 0, 0, NULL, NULL, NULL, NULL, NULL, 'smallint', 33),
	('DDL', 'SQLServer7', 'smallmoney', 0, 0, 0, 0, 0, 0, 0, 0, NULL, NULL, NULL, NULL, NULL, 'money', 34),
	('DDL', 'SQLServer7', 'text', 0, 0, 0, 0, 0, 0, 0, 0, NULL, NULL, NULL, NULL, NULL, 'text', 35),
	('DDL', 'SQLServer7', 'timestamp', 0, 0, 0, 0, 0, 0, 0, 0, NULL, NULL, NULL, NULL, NULL, 'timestamp', 36),
	('DDL', 'SQLServer7', 'tinyint', 0, 0, 0, 0, 0, 0, 0, 0, NULL, NULL, NULL, NULL, NULL, 'tinyint', 37),
	('DDL', 'SQLServer7', 'varchar', 1, 8000, 0, 0, 50, 0, 0, 0, NULL, NULL, NULL, NULL, NULL, 'varchar', 38),
	('DDL', 'SQLServer7', 'varbinary', 1, 8000, 0, 0, 50, 0, 0, 0, NULL, NULL, NULL, NULL, NULL, 'varbinary', 39),
	('DDL', 'SQLServer7', 'uniqueidentifier', 0, 0, 0, 0, 0, 0, 0, 0, NULL, NULL, NULL, NULL, NULL, 'uniqueidentifier', 40),
	('DDL', 'MSAccess', 'Text', 1, 255, 0, 0, 50, 0, 0, 0, NULL, NULL, NULL, NULL, NULL, 'char', 41),
	('DDL', 'MSAccess', 'Memo', 0, 65535, 0, 0, 0, 0, 0, 0, NULL, NULL, NULL, NULL, NULL, 'text', 42),
	('DDL', 'MSAccess', 'DateTime', 0, 0, 0, 0, 0, 0, 0, 0, NULL, NULL, NULL, NULL, NULL, 'datetime', 43),
	('DDL', 'MSAccess', 'Currency', 2, 0, 15, 0, 0, 15, 4, 0, NULL, NULL, NULL, NULL, NULL, 'currency', 44),
	('DDL', 'MSAccess', 'Integer', 0, 0, 0, 0, 0, 0, 0, 0, NULL, NULL, NULL, NULL, NULL, 'integer', 45),
	('DDL', 'MSAccess', 'Long', 0, 0, 0, 0, 0, 0, 0, 0, NULL, NULL, NULL, NULL, NULL, 'long', 46),
	('DDL', 'MSAccess', 'Single', 0, 0, 7, 0, 0, 0, 7, 0, NULL, NULL, NULL, NULL, NULL, 'float', 47),
	('DDL', 'MSAccess', 'Double', 0, 0, 0, 0, 0, 0, 0, 0, NULL, NULL, NULL, NULL, NULL, 'double', 48),
	('DDL', 'MSAccess', 'Counter', 0, 0, 0, 0, 0, 0, 0, 0, NULL, NULL, NULL, NULL, NULL, 'counter', 49),
	('DDL', 'MSAccess', 'YesNo', 0, 0, 0, 0, 0, 0, 0, 0, NULL, NULL, NULL, NULL, NULL, 'boolean', 50),
	('Code', 'Visual Basic', 'Boolean', 0, 0, 0, 0, 0, 0, 0, 0, NULL, NULL, NULL, NULL, NULL, 'Boolean', 51),
	('Code', 'Visual Basic', 'Byte', 0, 0, 0, 0, 0, 0, 0, 0, NULL, NULL, NULL, NULL, NULL, 'Byte', 52),
	('Code', 'Visual Basic', 'Currency', 0, 0, 0, 0, 0, 0, 0, 0, NULL, NULL, NULL, NULL, NULL, 'Currency', 53),
	('Code', 'Visual Basic', 'Date', 0, 0, 0, 0, 0, 0, 0, 0, NULL, NULL, NULL, NULL, NULL, 'DateTime', 54),
	('Code', 'Visual Basic', 'Double', 0, 0, 0, 0, 0, 0, 0, 0, NULL, NULL, NULL, NULL, NULL, 'Double', 55),
	('Code', 'Visual Basic', 'Integer', 0, 0, 0, 0, 0, 0, 0, 0, NULL, NULL, NULL, NULL, NULL, 'Integer', 56),
	('Code', 'Visual Basic', 'Long', 0, 0, 0, 0, 0, 0, 0, 0, NULL, NULL, NULL, NULL, NULL, 'Long', 57),
	('Code', 'Visual Basic', 'Object', 0, 0, 0, 0, 0, 0, 0, 0, NULL, NULL, NULL, NULL, NULL, NULL, 58),
	('Code', 'Visual Basic', 'Single', 0, 0, 0, 0, 0, 0, 0, 0, NULL, NULL, NULL, NULL, NULL, NULL, 59),
	('Code', 'Visual Basic', 'String', 0, 0, 0, 0, 0, 0, 0, 0, NULL, NULL, NULL, NULL, NULL, 'String', 60),
	('Code', 'Visual Basic', 'Variant', 0, 0, 0, 0, 0, 0, 0, 0, NULL, NULL, NULL, NULL, NULL, 'Variant', 61),
	('Code', 'C++', 'char', 0, 0, 0, 0, 0, 0, 0, 0, NULL, NULL, NULL, NULL, NULL, 'Char', 62),
	('Code', 'C++', 'int', 0, 0, 0, 0, 0, 0, 0, 0, NULL, NULL, NULL, NULL, NULL, 'Integer', 63),
	('Code', 'C++', 'short', 0, 0, 0, 0, 0, 0, 0, 0, NULL, NULL, NULL, NULL, NULL, 'Short', 64),
	('Code', 'C++', 'long', 0, 0, 0, 0, 0, 0, 0, 0, NULL, NULL, NULL, NULL, NULL, 'Long', 65),
	('Code', 'C++', 'float', 0, 0, 0, 0, 0, 0, 0, 0, NULL, NULL, NULL, NULL, NULL, 'Float', 66),
	('Code', 'C++', 'double', 0, 0, 0, 0, 0, 0, 0, 0, NULL, NULL, NULL, NULL, NULL, 'Double', 67),
	('Code', 'C++', 'void', 0, 0, 0, 0, 0, 0, 0, 0, NULL, NULL, NULL, NULL, NULL, NULL, 68),
	('Code', 'C++', 'unsigned char', 0, 0, 0, 0, 0, 0, 0, 0, NULL, NULL, NULL, NULL, NULL, NULL, 69),
	('Code', 'C++', 'unsigned int', 0, 0, 0, 0, 0, 0, 0, 0, NULL, NULL, NULL, NULL, NULL, 'Uint', 70),
	('Code', 'C++', 'unsigned short', 0, 0, 0, 0, 0, 0, 0, 0, NULL, NULL, NULL, NULL, NULL, NULL, 71),
	('Code', 'C++', 'unsigned long', 0, 0, 0, 0, 0, 0, 0, 0, NULL, NULL, NULL, NULL, NULL, 'Ulong', 72),
	('Code', 'Java', 'byte', 0, 0, 0, 0, 0, 0, 0, 0, NULL, NULL, NULL, NULL, NULL, 'Byte', 73),
	('Code', 'Java', 'char', 0, 0, 0, 0, 0, 0, 0, 0, NULL, NULL, NULL, NULL, NULL, 'Char', 74),
	('Code', 'Java', 'int', 0, 0, 0, 0, 0, 0, 0, 0, NULL, NULL, NULL, NULL, NULL, 'Integer', 75),
	('Code', 'Java', 'short', 0, 0, 0, 0, 0, 0, 0, 0, NULL, NULL, NULL, NULL, NULL, 'Short', 76),
	('Code', 'Java', 'boolean', 0, 0, 0, 0, 0, 0, 0, 0, NULL, NULL, NULL, NULL, NULL, 'Boolean', 77),
	('Code', 'Java', 'long', 0, 0, 0, 0, 0, 0, 0, 0, NULL, NULL, NULL, NULL, NULL, 'Long', 78),
	('Code', 'Java', 'float', 0, 0, 0, 0, 0, 0, 0, 0, NULL, NULL, NULL, NULL, NULL, 'Float', 79),
	('Code', 'Java', 'double', 0, 0, 0, 0, 0, 0, 0, 0, NULL, NULL, NULL, NULL, NULL, 'Double', 80),
	('Code', 'Delphi', 'Boolean', 0, 0, 0, 0, 0, 0, 0, 0, NULL, NULL, NULL, NULL, NULL, 'Boolean', 81),
	('Code', 'Delphi', 'Byte', 0, 0, 0, 0, 0, 0, 0, 0, NULL, NULL, NULL, NULL, NULL, 'Byte', 82),
	('Code', 'Delphi', 'Cardinal', 0, 0, 0, 0, 0, 0, 0, 0, NULL, NULL, NULL, NULL, NULL, NULL, 83),
	('Code', 'Delphi', 'Char', 0, 0, 0, 0, 0, 0, 0, 0, NULL, NULL, NULL, NULL, NULL, 'Char', 84),
	('Code', 'Delphi', 'Currency', 0, 0, 0, 0, 0, 0, 0, 0, NULL, NULL, NULL, NULL, NULL, 'Currency', 85),
	('Code', 'Delphi', 'Double', 0, 0, 0, 0, 0, 0, 0, 0, NULL, NULL, NULL, NULL, NULL, 'Double', 86),
	('Code', 'Delphi', 'Extended', 0, 0, 0, 0, 0, 0, 0, 0, NULL, NULL, NULL, NULL, NULL, NULL, 87),
	('Code', 'Delphi', 'Integer', 0, 0, 0, 0, 0, 0, 0, 0, NULL, NULL, NULL, NULL, NULL, 'Integer', 88),
	('Code', 'Delphi', 'LongInt', 0, 0, 0, 0, 0, 0, 0, 0, NULL, NULL, NULL, NULL, NULL, NULL, 89),
	('Code', 'Delphi', 'LongWord', 0, 0, 0, 0, 0, 0, 0, 0, NULL, NULL, NULL, NULL, NULL, 'Ulong', 90),
	('Code', 'Delphi', 'Single', 0, 0, 0, 0, 0, 0, 0, 0, NULL, NULL, NULL, NULL, NULL, NULL, 91),
	('Code', 'Delphi', 'ShortInt', 0, 0, 0, 0, 0, 0, 0, 0, NULL, NULL, NULL, NULL, NULL, NULL, 92),
	('Code', 'Delphi', 'SmallInt', 0, 0, 0, 0, 0, 0, 0, 0, NULL, NULL, NULL, NULL, NULL, NULL, 93),
	('Code', 'Delphi', 'String', 0, 0, 0, 0, 0, 0, 0, 0, NULL, NULL, NULL, NULL, NULL, 'String', 94),
	('Code', 'Delphi', 'Real', 0, 0, 0, 0, 0, 0, 0, 0, NULL, NULL, NULL, NULL, NULL, NULL, 95),
	('Code', 'Delphi', 'Variant', 0, 0, 0, 0, 0, 0, 0, 0, NULL, NULL, NULL, NULL, NULL, 'Variant', 96),
	('Code', 'Delphi', 'Word', 0, 0, 0, 0, 0, 0, 0, 0, NULL, NULL, NULL, NULL, NULL, 'Word', 98),
	('Code', 'C#', 'void', 0, 0, 0, 0, 0, 0, 0, 0, NULL, NULL, NULL, NULL, NULL, NULL, 99),
	('Code', 'C#', 'sbyte', 0, 0, 0, 0, 0, 0, 0, 0, NULL, NULL, NULL, NULL, NULL, NULL, 100),
	('Code', 'C#', 'byte', 0, 0, 0, 0, 0, 0, 0, 0, NULL, NULL, NULL, NULL, NULL, 'Byte', 101),
	('Code', 'C#', 'short', 0, 0, 0, 0, 0, 0, 0, 0, NULL, NULL, NULL, NULL, NULL, 'Short', 102),
	('Code', 'C#', 'ushort', 0, 0, 0, 0, 0, 0, 0, 0, NULL, NULL, NULL, NULL, NULL, 'Ushort', 103),
	('Code', 'C#', 'int', 0, 0, 0, 0, 0, 0, 0, 0, NULL, NULL, NULL, NULL, NULL, 'Integer', 104),
	('Code', 'C#', 'uint', 0, 0, 0, 0, 0, 0, 0, 0, NULL, NULL, NULL, NULL, NULL, 'Uint', 105),
	('Code', 'C#', 'long', 0, 0, 0, 0, 0, 0, 0, 0, NULL, NULL, NULL, NULL, NULL, 'Long', 106),
	('Code', 'C#', 'ulong', 0, 0, 0, 0, 0, 0, 0, 0, NULL, NULL, NULL, NULL, NULL, 'Ulong', 107),
	('Code', 'C#', 'char', 0, 0, 0, 0, 0, 0, 0, 0, NULL, NULL, NULL, NULL, NULL, 'Char', 108),
	('Code', 'C#', 'float', 0, 0, 0, 0, 0, 0, 0, 0, NULL, NULL, NULL, NULL, NULL, 'Float', 109),
	('Code', 'C#', 'double', 0, 0, 0, 0, 0, 0, 0, 0, NULL, NULL, NULL, NULL, NULL, 'Double', 110),
	('Code', 'C#', 'bool', 0, 0, 0, 0, 0, 0, 0, 0, NULL, NULL, NULL, NULL, NULL, 'Boolean', 111),
	('Code', 'C#', 'decimal', 0, 0, 0, 0, 0, 0, 0, 0, NULL, NULL, NULL, NULL, NULL, 'Float', 112),
	('Code', 'VBNet', 'Integer', 0, 0, 0, 0, 0, 0, 0, 0, NULL, NULL, NULL, NULL, NULL, 'Integer', 113),
	('Code', 'VBNet', 'String', 0, 0, 0, 0, 0, 0, 0, 0, NULL, NULL, NULL, NULL, NULL, 'String', 114),
	('Code', 'VBNet', 'Short', 0, 0, 0, 0, 0, 0, 0, 0, NULL, NULL, NULL, NULL, NULL, 'Short', 115),
	('Code', 'VBNet', 'Long', 0, 0, 0, 0, 0, 0, 0, 0, NULL, NULL, NULL, NULL, NULL, 'Long', 116),
	('Code', 'VBNet', 'Char', 0, 0, 0, 0, 0, 0, 0, 0, NULL, NULL, NULL, NULL, NULL, 'Char', 117),
	('Code', 'VBNet', 'Byte', 0, 0, 0, 0, 0, 0, 0, 0, NULL, NULL, NULL, NULL, NULL, 'Byte', 118),
	('Code', 'VBNet', 'Boolean', 0, 0, 0, 0, 0, 0, 0, 0, NULL, NULL, NULL, NULL, NULL, 'Boolean', 119),
	('Code', 'VBNet', 'Double', 0, 0, 0, 0, 0, 0, 0, 0, NULL, NULL, NULL, NULL, NULL, 'Double', 120),
	('Code', 'VBNet', 'Date', 0, 0, 0, 0, 0, 0, 0, 0, NULL, NULL, NULL, NULL, NULL, 'Date', 121),
	('Code', 'VBNet', 'Object', 0, 0, 0, 0, 0, 0, 0, 0, NULL, NULL, NULL, NULL, NULL, NULL, 122),
	('Code', 'VBNet', 'Single', 0, 0, 0, 0, 0, 0, 0, 0, NULL, NULL, NULL, NULL, NULL, 'Single', 123),
	('Code', 'VBNet', 'Datetime', 0, 0, 0, 0, 0, 0, 0, 0, NULL, NULL, NULL, NULL, NULL, 'DateTime', 124),
	('Code', 'VBNet', 'Decimal', 0, 0, 0, 0, 0, 0, 0, 0, NULL, NULL, NULL, NULL, NULL, NULL, 125),
	('DDL', 'DB2', 'BIGINT', 0, 0, 0, 0, 0, 0, 0, 0, NULL, NULL, NULL, NULL, NULL, 'bigint', 126),
	('DDL', 'DB2', 'BLOB', 1, 2097152, 0, 0, 0, 0, 0, 0, NULL, NULL, NULL, NULL, NULL, 'blob', 127),
	('DDL', 'DB2', 'CHARACTER', 1, 254, 0, 0, 10, 0, 0, 0, NULL, NULL, NULL, NULL, NULL, 'char', 128),
	('DDL', 'DB2', 'CLOB', 0, 0, 0, 0, 0, 0, 0, 0, NULL, NULL, NULL, NULL, NULL, 'text', 129),
	('DDL', 'DB2', 'DATE', 0, 0, 0, 0, 0, 0, 0, 0, NULL, NULL, NULL, NULL, NULL, 'date', 130),
	('DDL', 'DB2', 'DECIMAL', 2, 31, 31, 0, 0, 5, 0, 0, NULL, NULL, NULL, NULL, NULL, 'decimal', 131),
	('DDL', 'DB2', 'DOUBLE', 0, 0, 0, 0, 0, 0, 0, 0, NULL, NULL, NULL, NULL, NULL, 'double', 132),
	('DDL', 'DB2', 'INTEGER', 0, 0, 0, 0, 0, 0, 0, 0, NULL, NULL, NULL, NULL, NULL, 'integer', 133),
	('DDL', 'DB2', 'LONG VARCHAR', 0, 0, 0, 0, 0, 0, 0, 0, NULL, NULL, NULL, NULL, NULL, 'text', 134),
	('DDL', 'DB2', 'REAL', 0, 0, 0, 0, 0, 0, 0, 0, NULL, NULL, NULL, NULL, NULL, 'real', 135),
	('DDL', 'DB2', 'TIME', 0, 0, 0, 0, 0, 0, 0, 0, NULL, NULL, NULL, NULL, NULL, 'time', 137),
	('DDL', 'DB2', 'TIMESTAMP', 0, 0, 0, 0, 0, 0, 0, 0, NULL, NULL, NULL, NULL, NULL, 'timestamp', 138),
	('DDL', 'DB2', 'VARCHAR', 1, 4000, 0, 0, 10, 0, 0, 0, NULL, NULL, NULL, NULL, NULL, 'varchar', 139),
	('DDL', 'MySql', 'BIT', 1, 64, 0, 0, 1, 0, 0, 0, NULL, NULL, NULL, NULL, NULL, 'bit', 140),
	('DDL', 'MySql', 'BOOL', 0, 0, 0, 0, 0, 0, 0, 0, NULL, NULL, NULL, NULL, NULL, 'boolean', 141),
	('DDL', 'MySql', 'TINYINT', 0, 0, 0, 0, 0, 0, 0, 0, NULL, NULL, NULL, NULL, NULL, 'tinyint', 142),
	('DDL', 'MySql', 'SMALLINT', 0, 0, 0, 0, 0, 0, 0, 0, NULL, NULL, NULL, NULL, NULL, 'smallint', 143),
	('DDL', 'MySql', 'INTEGER', 0, 0, 0, 0, 0, 0, 0, 0, NULL, NULL, NULL, NULL, NULL, 'integer', 144),
	('DDL', 'MySql', 'MEDIUMINT', 0, 0, 0, 0, 0, 0, 0, 0, NULL, NULL, NULL, NULL, NULL, 'mediumint', 145),
	('DDL', 'MySql', 'BIGINT', 0, 0, 0, 0, 0, 0, 0, 0, NULL, NULL, NULL, NULL, NULL, 'bigint', 146),
	('DDL', 'MySql', 'FLOAT', 2, 0, 24, 0, 0, 0, 0, 0, NULL, NULL, NULL, NULL, NULL, 'float', 147),
	('DDL', 'MySql', 'DOUBLE', 2, 0, 53, 30, 0, 10, 2, 0, NULL, NULL, NULL, NULL, NULL, 'double', 148),
	('DDL', 'MySql', 'DOUBLE PRECISION', 2, 0, 53, 30, 0, 10, 2, 0, NULL, NULL, NULL, NULL, NULL, 'double', 149),
	('DDL', 'MySql', 'REAL', 2, 0, 53, 30, 0, 10, 2, 0, NULL, NULL, NULL, NULL, NULL, 'real', 150),
	('DDL', 'MySql', 'NUMERIC', 2, 0, 65, 30, 0, 10, 2, 0, NULL, NULL, NULL, NULL, NULL, 'numeric', 151),
	('DDL', 'MySql', 'DECIMAL', 2, 0, 65, 30, 0, 10, 2, 0, NULL, NULL, NULL, NULL, NULL, 'decimal', 152),
	('DDL', 'MySql', 'DATE', 0, 0, 0, 0, 0, 0, 0, 0, NULL, NULL, NULL, NULL, NULL, 'date', 153),
	('DDL', 'MySql', 'DATETIME', 1, 6, 0, 0, 0, 0, 0, 0, NULL, NULL, NULL, NULL, NULL, 'datetime', 154),
	('DDL', 'MySql', 'TIME', 1, 6, 0, 0, 0, 0, 0, 0, NULL, NULL, NULL, NULL, NULL, 'time', 155),
	('DDL', 'MySql', 'TIMESTAMP', 1, 6, 0, 0, 0, 0, 0, 0, NULL, NULL, NULL, NULL, NULL, 'timestamp', 156),
	('DDL', 'MySql', 'CHAR', 1, 255, 0, 0, 10, 0, 0, 0, NULL, NULL, NULL, NULL, NULL, 'char', 157),
	('DDL', 'MySql', 'VARCHAR', 1, 65535, 0, 0, 50, 0, 0, 0, NULL, NULL, NULL, NULL, NULL, 'varchar', 158),
	('DDL', 'MySql', 'BLOB', 0, 0, 0, 0, 0, 0, 0, 0, NULL, NULL, NULL, NULL, NULL, 'blob', 159),
	('DDL', 'MySql', 'TEXT', 0, 0, 0, 0, 0, 0, 0, 0, NULL, NULL, NULL, NULL, NULL, 'text', 160),
	('DDL', 'SQL Server 2000', 'decimal', 2, 38, 38, 38, 0, 10, 2, 0, NULL, NULL, NULL, NULL, NULL, 'decimal', 161),
	('DDL', 'SQL Server 2000', 'sql_variant', 0, 0, 0, 0, 0, 0, 0, 0, NULL, NULL, NULL, NULL, NULL, 'sqlvariant', 162),
	('DDL', 'SQL Server 2000', 'numeric', 2, 38, 38, 38, 0, 10, 2, 0, NULL, NULL, NULL, NULL, NULL, 'numeric', 163),
	('DDL', 'SQL Server 2000', 'varbinary', 1, 8000, 0, 0, 50, 0, 0, 0, NULL, NULL, NULL, NULL, NULL, 'varbinary', 164),
	('DDL', 'SQL Server 2000', 'bit', 0, 0, 0, 0, 0, 0, 0, 0, NULL, NULL, NULL, NULL, NULL, 'boolean', 165),
	('DDL', 'InterBase', 'integer', 0, 0, 0, 0, 10, 0, 0, 0, NULL, NULL, NULL, NULL, NULL, 'integer', 167),
	('DDL', 'InterBase', 'smallint', 0, 0, 0, 0, 10, 0, 0, 0, NULL, NULL, NULL, NULL, NULL, 'smallint', 168),
	('DDL', 'MySql', 'NCHAR', 1, 255, 0, 0, 10, 0, 0, 0, NULL, NULL, NULL, NULL, NULL, 'nchar', 169),
	('DDL', 'InterBase', 'timestamp', 0, 0, 0, 0, 0, 0, 0, 0, NULL, NULL, NULL, NULL, NULL, 'datetime', 170),
	('DDL', 'PostgreSQL', 'real', 1, 53, 0, 0, 53, 0, 0, 0, NULL, NULL, NULL, NULL, NULL, 'real', 171),
	('DDL', 'SQL Server 2000', 'char', 1, 8000, 0, 0, 10, 0, 0, 0, NULL, NULL, NULL, NULL, NULL, 'char', 174),
	('DDL', 'SQL Server 2000', 'timestamp', 0, 0, 0, 0, 0, 0, 0, 0, NULL, NULL, NULL, NULL, NULL, 'timestamp', 175),
	('DDL', 'InterBase', 'double precision', 0, 0, 0, 0, 0, 0, 0, 0, NULL, NULL, NULL, NULL, NULL, 'double', 178),
	('DDL', 'SQL Server 2000', 'binary', 1, 8000, 0, 0, 10, 0, 0, 0, NULL, NULL, NULL, NULL, NULL, 'Binary', 179),
	('DDL', 'SQL Server 2000', 'image', 0, 0, 0, 0, 0, 0, 0, 0, NULL, NULL, NULL, NULL, NULL, 'blob', 180),
	('DDL', 'SQL Server 2000', 'nvarchar', 1, 4000, 0, 0, 50, 0, 0, 0, NULL, NULL, NULL, NULL, NULL, 'nvarchar', 181),
	('DDL', 'SQL Server 2000', 'smalldatetime', 0, 0, 0, 0, 0, 0, 0, 0, NULL, NULL, NULL, NULL, NULL, 'datetime', 182),
	('DDL', 'PostgreSQL', 'numeric', 2, 0, 1000, 1000, 0, 0, 0, 0, NULL, NULL, NULL, NULL, NULL, 'numeric', 183),
	('DDL', 'DB2', 'FLOAT', 0, 0, 0, 0, 0, 0, 0, 0, NULL, NULL, NULL, NULL, NULL, 'float', 184),
	('DDL', 'PostgreSQL', 'integer', 0, 0, 0, 0, 0, 0, 0, 0, NULL, NULL, NULL, NULL, NULL, 'integer', 185),
	('DDL', 'PostgreSQL', 'varchar', 1, 1048576, 0, 0, 50, 0, 0, 0, NULL, NULL, NULL, NULL, NULL, 'varchar', 186),
	('DDL', 'InterBase', 'blob sub_type 0', 0, 0, 0, 0, 0, 0, 0, 0, NULL, NULL, NULL, NULL, NULL, 'blob', 188),
	('DDL', 'SQL Server 2000', 'money', 0, 0, 0, 0, 0, 19, 4, 0, NULL, NULL, NULL, NULL, NULL, 'currency', 190),
	('DDL', 'SQL Server 2000', 'ntext', 0, 0, 0, 0, 0, 0, 0, 0, NULL, NULL, NULL, NULL, NULL, 'ntext', 191),
	('DDL', 'SQL Server 2000', 'uniqueidentifier', 0, 0, 0, 0, 0, 0, 0, 0, NULL, NULL, NULL, NULL, NULL, 'guid', 192),
	('DDL', 'PostgreSQL', 'bigint', 0, 0, 0, 0, 0, 0, 0, 0, NULL, NULL, NULL, NULL, NULL, 'bigint', 195),
	('DDL', 'DB2', 'SMALLINT', 0, 0, 0, 0, 0, 0, 0, 0, NULL, NULL, NULL, NULL, NULL, 'smallint', 196),
	('DDL', 'MSAccess', 'OLEObject', 0, 0, 0, 0, 0, 0, 0, 0, NULL, NULL, NULL, NULL, NULL, 'blob', 199),
	('DDL', 'SQL Server 2000', 'int', 0, 0, 0, 0, 0, 0, 0, 0, NULL, NULL, NULL, NULL, NULL, 'integer', 201),
	('DDL', 'SQL Server 2000', 'datetime', 0, 0, 0, 0, 0, 0, 0, 0, NULL, NULL, NULL, NULL, NULL, 'datetime', 203),
	('DDL', 'SQL Server 2000', 'float', 0, 53, 0, 0, 53, 0, 0, 0, NULL, NULL, NULL, NULL, NULL, 'float', 204),
	('DDL', 'SQL Server 2000', 'nchar', 1, 4000, 0, 0, 10, 0, 0, 0, NULL, NULL, NULL, NULL, NULL, 'nchar', 205),
	('DDL', 'Oracle', 'NVARCHAR2', 1, 4000, 0, 0, 50, 0, 0, 0, NULL, NULL, NULL, NULL, NULL, 'nvarchar', 206),
	('DDL', 'InterBase', 'varchar', 1, 32767, 0, 0, 50, 0, 0, 0, NULL, NULL, NULL, NULL, NULL, 'varchar', 209),
	('DDL', 'MSAccess', 'Byte', 0, 0, 0, 0, 0, 0, 0, 0, NULL, NULL, NULL, NULL, NULL, 'tinyint', 210),
	('DDL', 'SQL Server 2000', 'real', 0, 53, 0, 0, 53, 0, 0, 0, NULL, NULL, NULL, NULL, NULL, 'double', 211),
	('DDL', 'SQL Server 2000', 'text', 0, 0, 0, 0, 0, 0, 0, 0, NULL, NULL, NULL, NULL, NULL, 'text', 212),
	('DDL', 'SQL Server 2000', 'tinyint', 0, 0, 0, 0, 0, 0, 0, 0, NULL, NULL, NULL, NULL, NULL, 'tinyint', 213),
	('DDL', 'PostgreSQL', 'smallint', 0, 0, 0, 0, 0, 0, 0, 0, NULL, NULL, NULL, NULL, NULL, 'smallint', 214),
	('DDL', 'PostgreSQL', 'number', 0, 0, 0, 0, 0, 0, 0, 0, NULL, NULL, NULL, NULL, NULL, 'currency', 215),
	('DDL', 'SQL Server 2000', 'smallint', 0, 0, 0, 0, 0, 0, 0, 0, NULL, NULL, NULL, NULL, NULL, 'smallint', 216),
	('DDL', 'SQL Server 2000', 'varchar', 1, 8000, 0, 0, 50, 0, 0, 0, NULL, NULL, NULL, NULL, NULL, 'varchar', 217),
	('DDL', 'DB2', 'CHAR', 1, 254, 0, 0, 10, 0, 0, 0, NULL, NULL, NULL, NULL, NULL, 'char', 218),
	('DDL', 'PostgreSQL', 'char', 1, 1048576, 0, 0, 1, 0, 0, 0, NULL, NULL, NULL, NULL, NULL, 'char', 219),
	('DDL', 'PostgreSQL', 'decimal', 2, 0, 1000, 1000, 0, 0, 0, 0, NULL, NULL, NULL, NULL, NULL, 'decimal', 220),
	('DDL', 'PostgreSQL', 'text', 0, 0, 0, 0, 0, 0, 0, 0, NULL, NULL, NULL, NULL, NULL, 'text', 221),
	('DDL', 'SQL Server 2000', 'bigint', 0, 0, 0, 0, 0, 0, 0, 0, NULL, NULL, NULL, NULL, NULL, 'bigint', 222),
	('DDL', 'SQL Server 2000', 'smallmoney', 0, 0, 0, 0, 0, 0, 0, 0, NULL, NULL, NULL, NULL, NULL, 'money', 226),
	('DDL', 'InterBase', 'blob sub_type 1', 0, 0, 0, 0, 0, 0, 0, 0, NULL, NULL, NULL, NULL, NULL, 'text', 227),
	('DDL', 'InterBase', 'char', 1, 32767, 0, 0, 10, 0, 0, 0, NULL, NULL, NULL, NULL, NULL, 'char', 228),
	('DDL', 'PostgreSQL', 'boolean', 0, 0, 0, 0, 0, 0, 0, 0, NULL, NULL, NULL, NULL, NULL, 'boolean', 230),
	('DDL', 'PostgreSQL', 'timestamp', 1, 6, 0, 0, 0, 0, 0, 0, NULL, NULL, NULL, NULL, NULL, 'datetime', 231),
	('DDL', 'MySql', 'NVARCHAR', 1, 65535, 0, 0, 50, 0, 0, 0, NULL, NULL, NULL, NULL, NULL, 'nvarchar', 232),
	('DDL', 'PostgreSQL', 'bytea', 0, 0, 0, 0, 0, 0, 0, 0, NULL, NULL, NULL, NULL, NULL, 'blob', 233),
	('DDL', 'InterBase', 'decimal', 2, 0, 64, 64, 0, 10, 2, 0, NULL, NULL, NULL, NULL, NULL, 'decimal', 235),
	('Code', 'PHP', 'var', 0, NULL, NULL, 0, NULL, NULL, NULL, 1, NULL, NULL, NULL, NULL, NULL, 'var', 236),
	('Code', 'C#', 'string', 0, NULL, NULL, 0, NULL, NULL, NULL, 1, NULL, NULL, NULL, NULL, NULL, 'String', 237),
	('Code', 'C++', 'wchar_t', 0, NULL, NULL, 0, NULL, NULL, NULL, 1, NULL, NULL, NULL, NULL, NULL, 'Char', 238),
	('Code', 'C++', 'bool', 0, NULL, NULL, 0, NULL, NULL, NULL, 1, NULL, NULL, NULL, NULL, NULL, 'Boolean', 239),
	('DDL', 'Sybase ASE', 'tinyint', 0, 0, 0, 0, 0, 0, 0, 0, NULL, NULL, NULL, NULL, NULL, 'tinyint', 240),
	('DDL', 'Sybase ASE', 'smallint', 0, 0, 0, 0, 0, 0, 0, 0, NULL, NULL, NULL, NULL, NULL, 'smallint', 241),
	('DDL', 'Sybase ASE', 'int', 0, 0, 0, 0, 0, 0, 0, 0, NULL, NULL, NULL, NULL, NULL, 'integer', 242),
	('DDL', 'Sybase ASE', 'numeric', 2, 0, 38, 38, 0, 18, 0, 0, NULL, NULL, NULL, NULL, NULL, 'numeric', 243),
	('DDL', 'Sybase ASE', 'decimal', 2, 0, 38, 38, 0, 18, 0, 0, NULL, NULL, NULL, NULL, NULL, 'decimal', 244),
	('DDL', 'Sybase ASE', 'float', 0, 0, 0, 0, 0, 0, 0, 0, NULL, NULL, NULL, NULL, NULL, 'float', 245),
	('DDL', 'Sybase ASE', 'double precision', 0, 0, 0, 0, 0, 0, 0, 0, NULL, NULL, NULL, NULL, NULL, 'double', 246),
	('DDL', 'Sybase ASE', 'real', 0, 0, 0, 0, 0, 0, 0, 0, NULL, NULL, NULL, NULL, NULL, 'real', 247),
	('DDL', 'Sybase ASE', 'smallmoney', 0, 0, 0, 0, 0, 0, 0, 0, NULL, NULL, NULL, NULL, NULL, 'money', 248),
	('DDL', 'Sybase ASE', 'money', 0, 0, 0, 0, 0, 0, 0, 0, NULL, NULL, NULL, NULL, NULL, 'money', 249),
	('DDL', 'Sybase ASE', 'smalldatetime', 0, 0, 0, 0, 0, 0, 0, 0, NULL, NULL, NULL, NULL, NULL, 'datetime', 250),
	('DDL', 'Sybase ASE', 'datetime', 0, 0, 0, 0, 0, 0, 0, 0, NULL, NULL, NULL, NULL, NULL, 'datetime', 251),
	('DDL', 'Sybase ASE', 'char', 1, 16384, 0, 0, 50, 0, 0, 0, NULL, NULL, NULL, NULL, NULL, 'char', 252),
	('DDL', 'Sybase ASE', 'varchar', 1, 16384, 0, 0, 100, 0, 0, 0, NULL, NULL, NULL, NULL, NULL, 'varchar', 253),
	('DDL', 'Sybase ASE', 'unichar', 1, 0, 0, 0, 50, 0, 0, 0, NULL, NULL, NULL, NULL, NULL, 'char', 254),
	('DDL', 'Sybase ASE', 'univarchar', 1, 0, 0, 0, 50, 0, 0, 0, NULL, NULL, NULL, NULL, NULL, 'varchar', 255),
	('DDL', 'Sybase ASE', 'nchar', 1, 16384, 0, 0, 50, 0, 0, 0, NULL, NULL, NULL, NULL, NULL, 'nchar', 256),
	('DDL', 'Sybase ASE', 'nvarchar', 1, 16384, 0, 0, 50, 0, 0, 0, NULL, NULL, NULL, NULL, NULL, 'nvarchar', 257),
	('DDL', 'Sybase ASE', 'text', 0, 0, 0, 0, 50, 0, 0, 0, NULL, NULL, NULL, NULL, NULL, 'text', 258),
	('DDL', 'Sybase ASE', 'binary', 1, 255, 0, 0, 1, 0, 0, 0, NULL, NULL, NULL, NULL, NULL, 'binary', 259),
	('DDL', 'Sybase ASE', 'image', 0, 0, 0, 0, 0, 0, 0, 0, NULL, NULL, NULL, NULL, NULL, 'blob', 261),
	('DDL', 'Sybase ASE', 'bit', 0, 0, 0, 0, 0, 0, 0, 0, NULL, NULL, NULL, NULL, NULL, 'boolean', 262),
	('DDL', 'Informix', 'INTEGER', 0, 0, 0, 0, 0, 0, 0, 0, NULL, NULL, NULL, NULL, NULL, 'integer', 263),
	('DDL', 'Informix', 'INT', 0, 0, 0, 0, 0, 0, 0, 0, NULL, NULL, NULL, NULL, NULL, 'integer', 264),
	('DDL', 'Informix', 'SMALLINT', 0, 0, 0, 0, 0, 0, 0, 0, NULL, NULL, NULL, NULL, NULL, 'smallint', 265),
	('DDL', 'Informix', 'INT8', 0, 0, 0, 0, 0, 0, 0, 0, NULL, NULL, NULL, NULL, NULL, 'bigint', 266),
	('DDL', 'Informix', 'SERIAL', 0, 0, 0, 0, 0, 0, 0, 0, NULL, NULL, NULL, NULL, NULL, 'integer', 267),
	('DDL', 'Informix', 'SERIAL8', 0, 0, 0, 0, 0, 0, 0, 0, NULL, NULL, NULL, NULL, NULL, 'integer', 268),
	('DDL', 'Informix', 'FLOAT', 0, 0, 0, 0, 0, 0, 0, 0, NULL, NULL, NULL, NULL, NULL, 'float', 269),
	('DDL', 'Informix', 'SMALLFLOAT', 0, 4, 0, 0, 4, 0, 0, 0, NULL, NULL, NULL, NULL, NULL, 'float', 270),
	('DDL', 'Informix', 'DECIMAL', 2, 0, 32, 32, 0, 8, 3, 0, NULL, NULL, NULL, NULL, NULL, 'decimal', 271),
	('DDL', 'Informix', 'DEC', 2, 0, 32, 32, 0, 8, 3, 0, NULL, NULL, NULL, NULL, NULL, 'decimal', 272),
	('DDL', 'Informix', 'MONEY', 2, 0, 32, 3, 0, 8, 3, 0, NULL, NULL, NULL, NULL, NULL, 'money', 273),
	('DDL', 'Informix', 'DATE', 0, 0, 0, 0, 0, 0, 0, 0, NULL, NULL, NULL, NULL, NULL, 'date', 274),
	('DDL', 'Informix', 'DATETIME HOUR TO MINUTE', 0, 0, 0, 0, 0, 0, 0, 0, NULL, NULL, NULL, NULL, NULL, 'datetime', 275),
	('DDL', 'Informix', 'DATETIME YEAR TO YEAR', 0, 0, 0, 0, 0, 0, 0, 0, NULL, NULL, NULL, NULL, NULL, 'datetime', 276),
	('DDL', 'Informix', 'DATETIME YEAR TO MONTH', 0, 0, 0, 0, 0, 0, 0, 0, NULL, NULL, NULL, NULL, NULL, 'datetime', 277),
	('DDL', 'Informix', 'DATETIME YEAR TO DAY', 0, 0, 0, 0, 0, 0, 0, 0, NULL, NULL, NULL, NULL, NULL, 'datetime', 278),
	('DDL', 'Informix', 'DATETIME YEAR TO HOUR', 0, 0, 0, 0, 0, 0, 0, 0, NULL, NULL, NULL, NULL, NULL, 'datetime', 279),
	('DDL', 'Informix', 'DATETIME YEAR TO MINUTE', 0, 0, 0, 0, 0, 0, 0, 0, NULL, NULL, NULL, NULL, NULL, 'datetime', 280),
	('DDL', 'Informix', 'DATETIME YEAR TO SECOND', 0, 0, 0, 0, 0, 0, 0, 0, NULL, NULL, NULL, NULL, NULL, 'datetime', 281),
	('DDL', 'Informix', 'DATETIME YEAR TO FRACTION', 1, 5, 0, 0, 3, 0, 0, 0, NULL, NULL, NULL, NULL, NULL, 'datetime', 282),
	('DDL', 'Informix', 'DATETIME MONTH TO MONTH', 0, 0, 0, 0, 0, 0, 0, 0, NULL, NULL, NULL, NULL, NULL, 'datetime', 283),
	('DDL', 'Informix', 'DATETIME MONTH TO DAY', 0, 0, 0, 0, 0, 0, 0, 0, NULL, NULL, NULL, NULL, NULL, 'datetime', 284),
	('DDL', 'Informix', 'DATETIME MONTH TO HOUR', 0, 0, 0, 0, 0, 0, 0, 0, NULL, NULL, NULL, NULL, NULL, 'datetime', 285),
	('DDL', 'Informix', 'DATETIME MONTH TO MINUTE', 0, 0, 0, 0, 0, 0, 0, 0, NULL, NULL, NULL, NULL, NULL, 'datetime', 286),
	('DDL', 'Informix', 'DATETIME MONTH TO SECOND', 0, 0, 0, 0, 0, 0, 0, 0, NULL, NULL, NULL, NULL, NULL, 'datetime', 287),
	('DDL', 'Informix', 'DATETIME MONTH TO FRACTION', 1, 5, 0, 0, 3, 0, 0, 0, NULL, NULL, NULL, NULL, NULL, 'datetime', 288),
	('DDL', 'Informix', 'DATETIME DAY TO DAY', 0, 0, 0, 0, 0, 0, 0, 0, NULL, NULL, NULL, NULL, NULL, 'datetime', 289),
	('DDL', 'Informix', 'DATETIME DAY TO HOUR', 0, 0, 0, 0, 0, 0, 0, 0, NULL, NULL, NULL, NULL, NULL, 'datetime', 290),
	('DDL', 'Informix', 'DATETIME DAY TO MINUTE', 0, 0, 0, 0, 0, 0, 0, 0, NULL, NULL, NULL, NULL, NULL, 'datetime', 291),
	('DDL', 'Informix', 'DATETIME DAY TO SECOND', 0, 0, 0, 0, 0, 0, 0, 0, NULL, NULL, NULL, NULL, NULL, 'datetime', 292),
	('DDL', 'Informix', 'DATETIME DAY TO FRACTION', 1, 5, 0, 0, 3, 0, 0, 0, NULL, NULL, NULL, NULL, NULL, 'datetime', 293),
	('DDL', 'Informix', 'DATETIME HOUR TO HOUR', 0, 0, 0, 0, 0, 0, 0, 0, NULL, NULL, NULL, NULL, NULL, 'datetime', 294),
	('DDL', 'Informix', 'DATETIME HOUR TO FRACTION', 1, 5, 0, 0, 3, 0, 0, 0, NULL, NULL, NULL, NULL, NULL, 'datetime', 295),
	('DDL', 'Informix', 'DATETIME HOUR TO SECOND', 0, 0, 0, 0, 0, 0, 0, 0, NULL, NULL, NULL, NULL, NULL, 'datetime', 296),
	('DDL', 'Informix', 'DATETIME MINUTE TO MINUTE', 0, 0, 0, 0, 0, 0, 0, 0, NULL, NULL, NULL, NULL, NULL, 'datetime', 297),
	('DDL', 'Informix', 'DATETIME MINUTE TO SECOND', 0, 0, 0, 0, 0, 0, 0, 0, NULL, NULL, NULL, NULL, NULL, 'datetime', 298),
	('DDL', 'Informix', 'DATETIME MINUTE TO FRACTION', 1, 5, 0, 0, 3, 0, 0, 0, NULL, NULL, NULL, NULL, NULL, 'datetime', 299),
	('DDL', 'Informix', 'DATETIME SECOND TO SECOND', 0, 0, 0, 0, 0, 0, 0, 0, NULL, NULL, NULL, NULL, NULL, 'datetime', 300),
	('DDL', 'Informix', 'DATETIME SECOND TO FRACTION', 1, 5, 0, 0, 3, 0, 0, 0, NULL, NULL, NULL, NULL, NULL, 'datetime', 301),
	('DDL', 'Informix', 'DATETIME FRACTION TO FRACTION', 1, 5, 0, 0, 3, 0, 0, 0, NULL, NULL, NULL, NULL, NULL, 'datetime', 302),
	('DDL', 'Informix', 'BOOLEAN', 0, 0, 0, 0, 0, 0, 0, 0, NULL, NULL, NULL, NULL, NULL, 'boolean', 303),
	('DDL', 'Informix', 'CHAR', 1, 32767, 0, 0, 10, 0, 0, 0, NULL, NULL, NULL, NULL, NULL, 'char', 304),
	('DDL', 'Informix', 'CHARACTER', 1, 32767, 0, 0, 10, 0, 0, 0, NULL, NULL, NULL, NULL, NULL, 'char', 305),
	('DDL', 'Informix', 'NCHAR', 1, 32767, 0, 0, 50, 0, 0, 0, NULL, NULL, NULL, NULL, NULL, 'nchar', 306),
	('DDL', 'Informix', 'CHARACTER VARYING', 1, 255, 0, 0, 0, 0, 0, 0, NULL, NULL, NULL, NULL, NULL, 'char', 307),
	('DDL', 'Informix', 'VARCHAR', 1, 255, 0, 0, 10, 0, 0, 0, NULL, NULL, NULL, NULL, NULL, 'varchar', 308),
	('DDL', 'Informix', 'NVARCHAR', 1, 255, 0, 0, 50, 0, 0, 0, NULL, NULL, NULL, NULL, NULL, 'nvarchar', 309),
	('DDL', 'Informix', 'LVARCHAR', 1, 32767, 0, 0, 2048, 0, 0, 0, NULL, NULL, NULL, NULL, NULL, 'char', 310),
	('DDL', 'Informix', 'TEXT', 0, 0, 0, 0, 0, 0, 0, 0, NULL, NULL, NULL, NULL, NULL, 'text', 311),
	('DDL', 'Informix', 'BYTE', 0, 0, 0, 0, 0, 0, 0, 0, NULL, NULL, NULL, NULL, NULL, 'Binary', 312),
	('DDL', 'Informix', 'BLOB', 0, 0, 0, 0, 0, 0, 0, 0, NULL, NULL, NULL, NULL, NULL, 'blob', 313),
	('DDL', 'Informix', 'CLOB', 0, 0, 0, 0, 0, 0, 0, 0, NULL, NULL, NULL, NULL, NULL, 'ntext', 314),
	('DDL', 'Ingres', 'ansidate', 0, 0, 0, 0, 0, 0, 0, 0, NULL, NULL, NULL, NULL, NULL, 'ansidate', 315),
	('DDL', 'Ingres', 'bigint', 0, 0, 0, 0, 0, 0, 0, 0, NULL, NULL, NULL, NULL, NULL, 'bigint', 316),
	('DDL', 'Ingres', 'byte', 1, 32000, 0, 0, 0, 0, 0, 0, NULL, NULL, NULL, NULL, NULL, 'Binary', 317),
	('DDL', 'Ingres', 'byte var', 1, 32000, 0, 0, 0, 0, 0, 0, NULL, NULL, NULL, NULL, NULL, 'Binary', 318),
	('DDL', 'Ingres', 'c', 1, 32000, 0, 0, 0, 0, 0, 0, NULL, NULL, NULL, NULL, NULL, 'char', 319),
	('DDL', 'Ingres', 'char', 1, 32000, 0, 0, 0, 0, 0, 0, NULL, NULL, NULL, NULL, NULL, 'char', 320),
	('DDL', 'Ingres', 'date', 0, 0, 0, 0, 0, 0, 0, 0, NULL, NULL, NULL, NULL, NULL, 'date', 321),
	('DDL', 'Ingres', 'decimal', 2, 0, 31, 10, 0, 5, 0, 0, NULL, NULL, NULL, NULL, NULL, 'decimal', 322),
	('DDL', 'Ingres', 'float', 1, 53, 0, 0, 8, 0, 0, 0, NULL, NULL, NULL, NULL, NULL, 'float', 323),
	('DDL', 'Ingres', 'float4', 0, 0, 0, 0, 0, 0, 0, 0, NULL, NULL, NULL, NULL, NULL, 'real', 324),
	('DDL', 'Ingres', 'float8', 0, 0, 0, 0, 0, 0, 0, 0, NULL, NULL, NULL, NULL, NULL, 'float', 325),
	('DDL', 'Ingres', 'ingresdate', 0, 0, 0, 0, 0, 0, 0, 0, NULL, NULL, NULL, NULL, NULL, 'date', 326),
	('DDL', 'Ingres', 'int1', 0, 0, 0, 0, 0, 0, 0, 0, NULL, NULL, NULL, NULL, NULL, 'integer1', 327),
	('DDL', 'Ingres', 'int2', 0, 0, 0, 0, 0, 0, 0, 0, NULL, NULL, NULL, NULL, NULL, 'smallint', 328),
	('DDL', 'Ingres', 'int4', 0, 0, 0, 0, 0, 0, 0, 0, NULL, NULL, NULL, NULL, NULL, 'int', 329),
	('DDL', 'Ingres', 'int8', 0, 0, 0, 0, 0, 0, 0, 0, NULL, NULL, NULL, NULL, NULL, 'bigint', 330),
	('DDL', 'Ingres', 'integer', 0, 0, 0, 0, 0, 0, 0, 0, NULL, NULL, NULL, NULL, NULL, 'integer', 331),
	('DDL', 'Ingres', 'interval day to second', 0, 0, 0, 0, 0, 0, 0, 0, NULL, NULL, NULL, NULL, NULL, 'interval day to second', 332),
	('DDL', 'Ingres', 'interval year to month', 0, 0, 0, 0, 0, 0, 0, 0, NULL, NULL, NULL, NULL, NULL, 'interval year to month', 333),
	('DDL', 'Ingres', 'long byte', 0, 0, 0, 0, 0, 0, 0, 0, NULL, NULL, NULL, NULL, NULL, 'long byte', 334),
	('DDL', 'Ingres', 'long nvarchar', 0, 0, 0, 0, 0, 0, 0, 0, NULL, NULL, NULL, NULL, NULL, 'long nvarchar', 335),
	('DDL', 'Ingres', 'long varchar', 0, 0, 0, 0, 0, 0, 0, 0, NULL, NULL, NULL, NULL, NULL, 'long varchar', 336),
	('DDL', 'Ingres', 'money', 0, 0, 0, 0, 0, 0, 0, 0, NULL, NULL, NULL, NULL, NULL, 'money', 337),
	('DDL', 'Ingres', 'nchar', 1, 16000, 0, 0, 0, 0, 0, 0, NULL, NULL, NULL, NULL, NULL, 'nchar', 338),
	('DDL', 'Ingres', 'nvarchar', 1, 16000, 0, 0, 0, 0, 0, 0, NULL, NULL, NULL, NULL, NULL, 'nvarchar', 339),
	('DDL', 'Ingres', 'Object Key', 0, 0, 0, 0, 0, 0, 0, 0, NULL, NULL, NULL, NULL, NULL, 'OBJECT_KEY', 340),
	('DDL', 'Ingres', 'Table Key', 0, 0, 0, 0, 0, 0, 0, 0, NULL, NULL, NULL, NULL, NULL, 'TABLE_KEY', 341),
	('DDL', 'Ingres', 'text', 1, 32000, 0, 0, 0, 0, 0, 0, NULL, NULL, NULL, NULL, NULL, 'text', 342),
	('DDL', 'Ingres', 'time with local time zone', 0, 0, 0, 0, 0, 0, 0, 0, NULL, NULL, NULL, NULL, NULL, 'time', 343),
	('DDL', 'Ingres', 'time with time zone', 0, 0, 0, 0, 0, 0, 0, 0, NULL, NULL, NULL, NULL, NULL, 'time', 344),
	('DDL', 'Ingres', 'time without time zone', 0, 0, 0, 0, 0, 0, 0, 0, NULL, NULL, NULL, NULL, NULL, 'TABLE_KEY', 345),
	('DDL', 'Ingres', 'timestamp with local time zone', 0, 0, 0, 0, 0, 0, 0, 0, NULL, NULL, NULL, NULL, NULL, 'timestampt', 346),
	('DDL', 'Ingres', 'timestamp with time zone', 0, 0, 0, 0, 0, 0, 0, 0, NULL, NULL, NULL, NULL, NULL, 'timestampt', 347),
	('DDL', 'Ingres', 'timestamp without time zone', 0, 0, 0, 0, 0, 0, 0, 0, NULL, NULL, NULL, NULL, NULL, 'timestampt', 348),
	('DDL', 'Ingres', 'varchar', 1, 32000, 0, 0, 0, 0, 0, 0, NULL, NULL, NULL, NULL, NULL, 'varchar', 349),
	('DDL', 'SQL Server 2005', 'bigint', 0, 0, 0, 0, 0, 0, 0, 0, NULL, NULL, NULL, NULL, NULL, 'bigint', 350),
	('DDL', 'SQL Server 2005', 'int', 0, 0, 0, 0, 0, 0, 0, 0, NULL, NULL, NULL, NULL, NULL, 'integer', 351),
	('DDL', 'SQL Server 2005', 'smallint', 0, 0, 0, 0, 0, 0, 0, 0, NULL, NULL, NULL, NULL, NULL, 'smallint', 352),
	('DDL', 'SQL Server 2005', 'tinyint', 0, 0, 0, 0, 0, 0, 0, 0, NULL, NULL, NULL, NULL, NULL, 'tinyint', 353),
	('DDL', 'SQL Server 2005', 'bit', 0, 0, 0, 0, 0, 0, 0, 0, NULL, NULL, NULL, NULL, NULL, 'boolean', 354),
	('DDL', 'SQL Server 2005', 'decimal', 2, 38, 38, 38, 0, 10, 2, 0, NULL, NULL, NULL, NULL, NULL, 'decimal', 355),
	('DDL', 'SQL Server 2005', 'numeric', 2, 38, 38, 38, 0, 10, 2, 0, NULL, NULL, NULL, NULL, NULL, 'numeric', 356),
	('DDL', 'SQL Server 2005', 'money', 0, 0, 0, 0, 0, 19, 4, 0, NULL, NULL, NULL, NULL, NULL, 'currency', 357),
	('DDL', 'SQL Server 2005', 'smallmoney', 0, 0, 0, 0, 0, 0, 0, 0, NULL, NULL, NULL, NULL, NULL, 'money', 358),
	('DDL', 'SQL Server 2005', 'float', 0, 53, 0, 0, 53, 0, 0, 0, NULL, NULL, NULL, NULL, NULL, 'float', 359),
	('DDL', 'SQL Server 2005', 'real', 0, 53, 0, 0, 53, 0, 0, 0, NULL, NULL, NULL, NULL, NULL, 'double', 360),
	('DDL', 'SQL Server 2005', 'datetime', 0, 0, 0, 0, 0, 0, 0, 0, NULL, NULL, NULL, NULL, NULL, 'datetime', 361),
	('DDL', 'SQL Server 2005', 'smalldatetime', 0, 0, 0, 0, 0, 0, 0, 0, NULL, NULL, NULL, NULL, NULL, 'datetime', 362),
	('DDL', 'SQL Server 2005', 'char', 1, 8000, 0, 0, 10, 0, 0, 0, NULL, NULL, NULL, NULL, NULL, 'char', 363),
	('DDL', 'SQL Server 2005', 'varchar', 1, 8000, 0, 0, 50, 0, 0, 0, NULL, NULL, NULL, NULL, NULL, 'varchar', 364),
	('DDL', 'SQL Server 2005', 'text', 0, 0, 0, 0, 0, 0, 0, 0, NULL, NULL, NULL, NULL, NULL, 'text', 365),
	('DDL', 'SQL Server 2005', 'nchar', 1, 4000, 0, 0, 10, 0, 0, 0, NULL, NULL, NULL, NULL, NULL, 'nchar', 366),
	('DDL', 'SQL Server 2005', 'nvarchar', 1, 4000, 0, 0, 50, 0, 0, 0, NULL, NULL, NULL, NULL, NULL, 'nvarchar', 367),
	('DDL', 'SQL Server 2005', 'ntext', 0, 0, 0, 0, 0, 0, 0, 0, NULL, NULL, NULL, NULL, NULL, 'ntext', 368),
	('DDL', 'SQL Server 2005', 'binary', 1, 8000, 0, 0, 10, 0, 0, 0, NULL, NULL, NULL, NULL, NULL, 'Binary', 369),
	('DDL', 'SQL Server 2005', 'varbinary', 1, 8000, 0, 0, 50, 0, 0, 0, NULL, NULL, NULL, NULL, NULL, 'varbinary', 370),
	('DDL', 'SQL Server 2005', 'image', 0, 0, 0, 0, 0, 0, 0, 0, NULL, NULL, NULL, NULL, NULL, 'blob', 371),
	('DDL', 'SQL Server 2005', 'sql_variant', 0, 0, 0, 0, 0, 0, 0, 0, NULL, NULL, NULL, NULL, NULL, 'sqlvariant', 372),
	('DDL', 'SQL Server 2005', 'timestamp', 0, 0, 0, 0, 0, 0, 0, 0, NULL, NULL, NULL, NULL, NULL, 'timestamp', 373),
	('DDL', 'SQL Server 2005', 'uniqueidentifier', 0, 0, 0, 0, 0, 0, 0, 0, NULL, NULL, NULL, NULL, NULL, 'guid', 374),
	('DDL', 'SQL Server 2005', 'xml', 0, 0, 0, 0, 0, 0, 0, 0, NULL, NULL, NULL, NULL, NULL, 'text', 375),
	('DDL', 'Informix', 'INTERVAL YEAR TO YEAR', 0, 9, 0, 0, 0, 0, 0, 0, NULL, NULL, NULL, NULL, NULL, 'interval', 376),
	('DDL', 'Informix', 'INTERVAL YEAR TO MONTH', 0, 9, 0, 0, 0, 0, 0, 0, NULL, NULL, NULL, NULL, NULL, 'interval', 377),
	('DDL', 'Informix', 'INTERVAL MONTH TO MONTH', 0, 9, 0, 0, 0, 0, 0, 0, NULL, NULL, NULL, NULL, NULL, 'interval', 378),
	('DDL', 'Informix', 'INTERVAL DAY TO DAY', 0, 9, 0, 0, 0, 0, 0, 0, NULL, NULL, NULL, NULL, NULL, 'interval', 379),
	('DDL', 'Informix', 'INTERVAL DAY TO HOUR', 0, 9, 0, 0, 0, 0, 0, 0, NULL, NULL, NULL, NULL, NULL, 'interval', 380),
	('DDL', 'Informix', 'INTERVAL DAY TO MINUTE', 0, 9, 0, 0, 0, 0, 0, 0, NULL, NULL, NULL, NULL, NULL, 'interval', 381),
	('DDL', 'Informix', 'INTERVAL DAY TO SECOND', 0, 9, 0, 0, 0, 0, 0, 0, NULL, NULL, NULL, NULL, NULL, 'interval', 382),
	('DDL', 'Informix', 'INTERVAL DAY TO FRACTION', 1, 5, 0, 0, 0, 0, 0, 0, NULL, NULL, NULL, NULL, NULL, 'interval', 383),
	('DDL', 'Informix', 'INTERVAL HOUR TO HOUR', 0, 9, 0, 0, 0, 0, 0, 0, NULL, NULL, NULL, NULL, NULL, 'interval', 384),
	('DDL', 'Informix', 'INTERVAL HOUR TO MINUTE', 0, 9, 0, 0, 0, 0, 0, 0, NULL, NULL, NULL, NULL, NULL, 'interval', 385),
	('DDL', 'Informix', 'INTERVAL HOUR TO SECOND', 0, 9, 0, 0, 0, 0, 0, 0, NULL, NULL, NULL, NULL, NULL, 'interval', 386),
	('DDL', 'Informix', 'INTERVAL HOUR TO FRACTION', 1, 5, 0, 0, 0, 0, 0, 0, NULL, NULL, NULL, NULL, NULL, 'interval', 387),
	('DDL', 'Informix', 'INTERVAL MINUTE TO MINUTE', 0, 9, 0, 0, 0, 0, 0, 0, NULL, NULL, NULL, NULL, NULL, 'interval', 388),
	('DDL', 'Informix', 'INTERVAL MINUTE TO SECOND', 0, 9, 0, 0, 0, 0, 0, 0, NULL, NULL, NULL, NULL, NULL, 'interval', 389),
	('DDL', 'Informix', 'INTERVAL MINUTE TO FRACTION', 1, 5, 0, 0, 0, 0, 0, 0, NULL, NULL, NULL, NULL, NULL, 'interval', 390),
	('DDL', 'Informix', 'INTERVAL SECOND TO SECOND', 0, 9, 0, 0, 0, 0, 0, 0, NULL, NULL, NULL, NULL, NULL, 'interval', 391),
	('DDL', 'Informix', 'INTERVAL SECOND TO FRACTION', 1, 5, 0, 0, 0, 0, 0, 0, NULL, NULL, NULL, NULL, NULL, 'interval', 392),
	('DDL', 'Informix', 'INTERVAL FRACTION TO FRACTION', 1, 5, 0, 0, 0, 0, 0, 0, NULL, NULL, NULL, NULL, NULL, 'interval', 393),
	('DDL', 'SQL Server 2005', 'varchar(max)', 0, 0, 0, 0, 0, 0, 0, 0, NULL, NULL, NULL, NULL, NULL, 'varchar', 394),
	('DDL', 'SQL Server 2005', 'varbinary(max)', 0, 0, 0, 0, 0, 0, 0, 0, NULL, NULL, NULL, NULL, NULL, 'varbinary', 395),
	('DDL', 'SQL Server 2008', 'bigint', 0, 0, 0, 0, 0, 0, 0, 0, NULL, NULL, NULL, NULL, NULL, 'bigint', 396),
	('DDL', 'SQL Server 2008', 'bit', 0, 0, 0, 0, 0, 0, 0, 0, NULL, NULL, NULL, NULL, NULL, 'boolean', 397),
	('DDL', 'SQL Server 2008', 'decimal', 2, 38, 38, 38, 0, 10, 2, 0, NULL, NULL, NULL, NULL, NULL, 'decimal', 398),
	('DDL', 'SQL Server 2008', 'int', 0, 0, 0, 0, 0, 0, 0, 0, NULL, NULL, NULL, NULL, NULL, 'integer', 399),
	('DDL', 'SQL Server 2008', 'money', 0, 0, 0, 0, 0, 19, 4, 0, NULL, NULL, NULL, NULL, NULL, 'currency', 400),
	('DDL', 'SQL Server 2008', 'numeric', 2, 38, 38, 38, 0, 10, 2, 0, NULL, NULL, NULL, NULL, NULL, 'numeric', 401),
	('DDL', 'SQL Server 2008', 'smallint', 0, 0, 0, 0, 0, 0, 0, 0, NULL, NULL, NULL, NULL, NULL, 'smallint', 402),
	('DDL', 'SQL Server 2008', 'smallmoney', 0, 0, 0, 0, 0, 0, 0, 0, NULL, NULL, NULL, NULL, NULL, 'money', 403),
	('DDL', 'SQL Server 2008', 'tinyint', 0, 0, 0, 0, 0, 0, 0, 0, NULL, NULL, NULL, NULL, NULL, 'tinyint', 404),
	('DDL', 'SQL Server 2008', 'float', 0, 53, 0, 0, 53, 0, 0, 0, NULL, NULL, NULL, NULL, NULL, 'float', 405),
	('DDL', 'SQL Server 2008', 'real', 0, 53, 0, 0, 53, 0, 0, 0, NULL, NULL, NULL, NULL, NULL, 'double', 406),
	('DDL', 'SQL Server 2008', 'date', 0, 0, 0, 0, 0, 0, 0, 0, NULL, NULL, NULL, NULL, NULL, 'date', 407),
	('DDL', 'SQL Server 2008', 'datetime2', 1, 7, 0, 0, 7, 0, 0, 0, NULL, NULL, NULL, NULL, NULL, 'datetime', 408),
	('DDL', 'SQL Server 2008', 'datetime', 0, 0, 0, 0, 0, 0, 0, 0, NULL, NULL, NULL, NULL, NULL, 'datetime', 409),
	('DDL', 'SQL Server 2008', 'datetimeoffset', 1, 7, 0, 0, 7, 0, 0, 0, NULL, NULL, NULL, NULL, NULL, 'datetime', 410),
	('DDL', 'SQL Server 2008', 'smalldatetime', 0, 0, 0, 0, 0, 0, 0, 0, NULL, NULL, NULL, NULL, NULL, 'datetime', 411),
	('DDL', 'SQL Server 2008', 'time', 1, 7, 0, 0, 7, 0, 0, 0, NULL, NULL, NULL, NULL, NULL, 'time', 412),
	('DDL', 'SQL Server 2008', 'char', 1, 8000, 0, 0, 10, 0, 0, 0, NULL, NULL, NULL, NULL, NULL, 'char', 413),
	('DDL', 'SQL Server 2008', 'varchar', 1, 8000, 0, 0, 50, 0, 0, 0, NULL, NULL, NULL, NULL, NULL, 'varchar', 414),
	('DDL', 'SQL Server 2008', 'varchar(max)', 0, 0, 0, 0, 0, 0, 0, 0, NULL, NULL, NULL, NULL, NULL, 'varchar', 415),
	('DDL', 'SQL Server 2008', 'text', 0, 0, 0, 0, 0, 0, 0, 0, NULL, NULL, NULL, NULL, NULL, 'text', 416),
	('DDL', 'SQL Server 2008', 'nchar', 1, 4000, 0, 0, 10, 0, 0, 0, NULL, NULL, NULL, NULL, NULL, 'nchar', 417),
	('DDL', 'SQL Server 2008', 'nvarchar', 1, 4000, 0, 0, 50, 0, 0, 0, NULL, NULL, NULL, NULL, NULL, 'nvarchar', 418),
	('DDL', 'SQL Server 2008', 'nvarchar(max)', 0, 0, 0, 0, 0, 0, 0, 0, NULL, NULL, NULL, NULL, NULL, 'varchar', 419),
	('DDL', 'SQL Server 2008', 'ntext', 0, 0, 0, 0, 0, 0, 0, 0, NULL, NULL, NULL, NULL, NULL, 'ntext', 420),
	('DDL', 'SQL Server 2008', 'binary', 1, 8000, 0, 0, 10, 0, 0, 0, NULL, NULL, NULL, NULL, NULL, 'Binary', 421),
	('DDL', 'SQL Server 2008', 'varbinary', 1, 8000, 0, 0, 50, 0, 0, 0, NULL, NULL, NULL, NULL, NULL, 'varbinary', 422),
	('DDL', 'SQL Server 2008', 'varbinary(max)', 0, 0, 0, 0, 0, 0, 0, 0, NULL, NULL, NULL, NULL, NULL, 'varbinary', 423),
	('DDL', 'SQL Server 2008', 'image', 0, 0, 0, 0, 0, 0, 0, 0, NULL, NULL, NULL, NULL, NULL, 'blob', 424),
	('DDL', 'SQL Server 2008', 'timestamp', 0, 0, 0, 0, 0, 0, 0, 0, NULL, NULL, NULL, NULL, NULL, 'timestamp', 425),
	('DDL', 'SQL Server 2008', 'uniqueidentifier', 0, 0, 0, 0, 0, 0, 0, 0, NULL, NULL, NULL, NULL, NULL, 'guid', 426),
	('DDL', 'SQL Server 2008', 'sql_variant', 0, 0, 0, 0, 0, 0, 0, 0, NULL, NULL, NULL, NULL, NULL, 'sqlvariant', 427),
	('DDL', 'SQL Server 2008', 'xml', 0, 0, 0, 0, 0, 0, 0, 0, NULL, NULL, NULL, NULL, NULL, 'text', 428),
	('DDL', 'SQL Server 2008', 'hierarchyid', 0, 0, 0, 0, 0, 0, 0, 0, NULL, NULL, NULL, NULL, NULL, 'text', 429),
	('DDL', 'SQL Server 2008', 'geometry', 0, 0, 0, 0, 0, 0, 0, 0, NULL, NULL, NULL, NULL, NULL, 'text', 430),
	('DDL', 'SQL Server 2008', 'geography', 0, 0, 0, 0, 0, 0, 0, 0, NULL, NULL, NULL, NULL, NULL, 'text', 431),
	('DDL', 'MSAccess 2007', 'Text', 1, 255, 0, 0, 50, 0, 0, 0, NULL, NULL, NULL, NULL, NULL, 'char', 432),
	('DDL', 'MSAccess 2007', 'Memo', 0, 0, 0, 0, 0, 0, 0, 0, NULL, NULL, NULL, NULL, NULL, 'text', 433),
	('DDL', 'MSAccess 2007', 'DateTime', 0, 0, 0, 0, 0, 0, 0, 0, NULL, NULL, NULL, NULL, NULL, 'datetime', 434),
	('DDL', 'MSAccess 2007', 'Currency', 0, 0, 0, 0, 0, 0, 0, 0, NULL, NULL, NULL, NULL, NULL, 'currency', 435),
	('DDL', 'MSAccess 2007', 'Integer', 0, 0, 0, 0, 0, 0, 0, 0, NULL, NULL, NULL, NULL, NULL, 'integer', 436),
	('DDL', 'MSAccess 2007', 'Long', 0, 0, 0, 0, 0, 0, 0, 0, NULL, NULL, NULL, NULL, NULL, 'long', 437),
	('DDL', 'MSAccess 2007', 'Single', 0, 0, 0, 0, 0, 0, 0, 0, NULL, NULL, NULL, NULL, NULL, 'float', 438),
	('DDL', 'MSAccess 2007', 'Double', 0, 0, 0, 0, 0, 0, 0, 0, NULL, NULL, NULL, NULL, NULL, 'double', 439),
	('DDL', 'MSAccess 2007', 'Counter', 0, 0, 0, 0, 0, 0, 0, 0, NULL, NULL, NULL, NULL, NULL, 'counter', 440),
	('DDL', 'MSAccess 2007', 'YesNo', 0, 0, 0, 0, 0, 0, 0, 0, NULL, NULL, NULL, NULL, NULL, 'boolean', 441),
	('DDL', 'MSAccess 2007', 'OLEObject', 0, 0, 0, 0, 0, 0, 0, 0, NULL, NULL, NULL, NULL, NULL, 'blob', 442),
	('DDL', 'MSAccess 2007', 'Byte', 0, 0, 0, 0, 0, 0, 0, 0, NULL, NULL, NULL, NULL, NULL, 'tinyint', 443),
	('DDL', 'MSAccess 2007', 'Decimal', 0, 0, 0, 0, 0, 0, 0, 0, NULL, NULL, NULL, NULL, NULL, 'decimal', 445),
	('DDL', 'SQLite', 'INTEGER', 0, 0, 0, 0, 0, 0, 0, 0, NULL, NULL, NULL, NULL, NULL, 'integer', 447),
	('DDL', 'SQLite', 'NUMERIC', 0, 0, 0, 0, 0, 0, 0, 0, NULL, NULL, NULL, NULL, NULL, 'numeric', 448),
	('DDL', 'SQLite', 'TEXT', 0, 0, 0, 0, 0, 0, 0, 0, NULL, NULL, NULL, NULL, NULL, 'text', 449),
	('DDL', 'SQLite', 'NONE', 0, 0, 0, 0, 0, 0, 0, 0, NULL, NULL, NULL, NULL, NULL, 'blob', 450),
	('DDL', 'SQLite', 'REAL', 0, 0, 0, 0, 0, 0, 0, 0, NULL, NULL, NULL, NULL, NULL, 'real', 451),
	('DDL', 'InterBase', 'numeric', 2, 0, 64, 64, 0, 10, 2, 0, NULL, NULL, NULL, NULL, NULL, 'numeric', 452),
	('DDL', 'InterBase', 'float', 0, 0, 0, 0, 0, 0, 0, 0, NULL, NULL, NULL, NULL, NULL, 'float', 453),
	('DDL', 'Oracle', 'BINARY_FLOAT', 0, 0, 0, 0, 0, 0, 0, 0, NULL, NULL, NULL, NULL, NULL, 'float', 454),
	('DDL', 'Oracle', 'BINARY_DOUBLE', 0, 0, 0, 0, 0, 0, 0, 0, NULL, NULL, NULL, NULL, NULL, 'double', 455),
	('DDL', 'Oracle', 'TIMESTAMP', 1, 9, 0, 0, 6, 0, 0, 0, NULL, NULL, NULL, NULL, NULL, 'timestamp', 456),
	('DDL', 'Oracle', 'TIMESTAMP WITH TIME ZONE', 1, 9, 0, 0, 6, 0, 0, 0, NULL, NULL, NULL, NULL, NULL, 'timestamp with time zone', 457),
	('DDL', 'Oracle', 'TIMESTAMP WITH LOCAL TIME ZONE', 1, 9, 0, 0, 6, 0, 0, 0, NULL, NULL, NULL, NULL, NULL, 'timestamp with local time zone', 458),
	('DDL', 'Oracle', 'INTERVAL YEAR TO MONTH', 1, 9, 0, 0, 2, 0, 0, 0, NULL, NULL, NULL, NULL, NULL, 'interval year to month', 459),
	('DDL', 'Oracle', 'INTERVAL DAY TO SECOND', 2, 0, 9, 9, 0, 2, 6, 0, NULL, NULL, NULL, NULL, NULL, 'interval day to second', 460),
	('DDL', 'Oracle', 'ANYDATA', 0, 0, 0, 0, 0, 0, 0, 0, NULL, NULL, NULL, NULL, NULL, 'text', 461),
	('DDL', 'Oracle', 'ANYTYPE', 0, 0, 0, 0, 0, 0, 0, 0, NULL, NULL, NULL, NULL, NULL, 'text', 462),
	('DDL', 'Oracle', 'ANYDATASET', 0, 0, 0, 0, 0, 0, 0, 0, NULL, NULL, NULL, NULL, NULL, 'text', 463),
	('DDL', 'Oracle', 'URITYPE', 0, 0, 0, 0, 0, 0, 0, 0, NULL, NULL, NULL, NULL, NULL, 'uri', 464),
	('DDL', 'Oracle', 'DBURITYPE', 0, 0, 0, 0, 0, 0, 0, 0, NULL, NULL, NULL, NULL, NULL, 'uri', 465),
	('DDL', 'Oracle', 'XDBURITYPE', 0, 0, 0, 0, 0, 0, 0, 0, NULL, NULL, NULL, NULL, NULL, 'uri', 466),
	('DDL', 'Oracle', 'HTTPURITYPE', 0, 0, 0, 0, 0, 0, 0, 0, NULL, NULL, NULL, NULL, NULL, 'uri', 467),
	('DDL', 'Oracle', 'XMLTYPE', 0, 0, 0, 0, 0, 0, 0, 0, NULL, NULL, NULL, NULL, NULL, 'xml', 468),
	('DDL', 'Oracle', 'SDO_GEOMETRY', 0, 0, 0, 0, 0, 0, 0, 0, NULL, NULL, NULL, NULL, NULL, 'spatial', 469),
	('DDL', 'Oracle', 'SDO_TOPO_GEOMETRY', 0, 0, 0, 0, 0, 0, 0, 0, NULL, NULL, NULL, NULL, NULL, 'spatial', 470),
	('DDL', 'Oracle', 'SDO_GEORASTER', 0, 0, 0, 0, 0, 0, 0, 0, NULL, NULL, NULL, NULL, NULL, 'spatial', 471),
	('DDL', 'Oracle', 'ORDAUDIO', 0, 0, 0, 0, 0, 0, 0, 0, NULL, NULL, NULL, NULL, NULL, 'media', 472),
	('DDL', 'Oracle', 'ORDIMAGE', 0, 0, 0, 0, 0, 0, 0, 0, NULL, NULL, NULL, NULL, NULL, 'media', 473),
	('DDL', 'Oracle', 'ORDVIDEO', 0, 0, 0, 0, 0, 0, 0, 0, NULL, NULL, NULL, NULL, NULL, 'media', 474),
	('DDL', 'Oracle', 'ORDDOC', 0, 0, 0, 0, 0, 0, 0, 0, NULL, NULL, NULL, NULL, NULL, 'media', 475),
	('DDL', 'Oracle', 'ORDDICOM', 0, 0, 0, 0, 0, 0, 0, 0, NULL, NULL, NULL, NULL, NULL, 'media', 476),
	('DDL', 'Oracle', 'SI_STILLIMAGE', 0, 0, 0, 0, 0, 0, 0, 0, NULL, NULL, NULL, NULL, NULL, 'image', 477),
	('DDL', 'Oracle', 'SI_COLOR', 0, 0, 0, 0, 0, 0, 0, 0, NULL, NULL, NULL, NULL, NULL, 'image', 478),
	('DDL', 'Oracle', 'SI_AVERAGECOLOR', 0, 0, 0, 0, 0, 0, 0, 0, NULL, NULL, NULL, NULL, NULL, 'image', 479),
	('DDL', 'Oracle', 'SI_COLORHISTOGRAM', 0, 0, 0, 0, 0, 0, 0, 0, NULL, NULL, NULL, NULL, NULL, 'image', 480),
	('DDL', 'Oracle', 'SI_POSITIONALCOLOR', 0, 0, 0, 0, 0, 0, 0, 0, NULL, NULL, NULL, NULL, NULL, 'image', 481),
	('DDL', 'Oracle', 'SI_TEXTURE', 0, 0, 0, 0, 0, 0, 0, 0, NULL, NULL, NULL, NULL, NULL, 'image', 482),
	('DDL', 'Oracle', 'SI_FEATURELIST', 0, 0, 0, 0, 0, 0, 0, 0, NULL, NULL, NULL, NULL, NULL, 'image', 483),
	('DDL', 'MySql', 'BINARY', 1, 255, 0, 0, 50, 0, 0, 0, NULL, NULL, NULL, NULL, NULL, 'binary', 484),
	('DDL', 'MySql', 'ENUM', 0, 0, 0, 0, 0, 0, 0, 0, NULL, NULL, NULL, NULL, NULL, 'enum', 485),
	('DDL', 'MySql', 'GEOMETRY', 0, 0, 0, 0, 0, 0, 0, 0, NULL, NULL, NULL, NULL, NULL, 'geometry', 486),
	('DDL', 'MySql', 'GEOMETRYCOLLECTION', 0, 0, 0, 0, 0, 0, 0, 0, NULL, NULL, NULL, NULL, NULL, 'geometrycollection', 487),
	('DDL', 'MySql', 'INT', 0, 0, 0, 0, 0, 0, 0, 0, NULL, NULL, NULL, NULL, NULL, 'integer', 488),
	('DDL', 'MySql', 'LINESTRING', 0, 0, 0, 0, 0, 0, 0, 0, NULL, NULL, NULL, NULL, NULL, 'linestring', 489),
	('DDL', 'MySql', 'LONGBLOB', 0, 0, 0, 0, 0, 0, 0, 0, NULL, NULL, NULL, NULL, NULL, 'longblob', 490),
	('DDL', 'MySql', 'LONGTEXT', 0, 0, 0, 0, 0, 0, 0, 0, NULL, NULL, NULL, NULL, NULL, 'longtext', 491),
	('DDL', 'MySql', 'MEDIUMBLOB', 0, 0, 0, 0, 0, 0, 0, 0, NULL, NULL, NULL, NULL, NULL, 'mediumblob', 492),
	('DDL', 'MySql', 'MEDIUMTEXT', 0, 0, 0, 0, 0, 0, 0, 0, NULL, NULL, NULL, NULL, NULL, 'mediumtext', 493),
	('DDL', 'MySql', 'MULTILINESTRING', 0, 0, 0, 0, 0, 0, 0, 0, NULL, NULL, NULL, NULL, NULL, 'multilinestring', 494),
	('DDL', 'MySql', 'MULTIPOINT', 0, 0, 0, 0, 0, 0, 0, 0, NULL, NULL, NULL, NULL, NULL, 'multipoint', 495),
	('DDL', 'MySql', 'MULTIPOLYGON', 0, 0, 0, 0, 0, 0, 0, 0, NULL, NULL, NULL, NULL, NULL, 'multipolygon', 496),
	('DDL', 'MySql', 'POINT', 0, 0, 0, 0, 0, 0, 0, 0, NULL, NULL, NULL, NULL, NULL, 'point', 497),
	('DDL', 'MySql', 'POLYGON', 0, 0, 0, 0, 0, 0, 0, 0, NULL, NULL, NULL, NULL, NULL, 'polygon', 498),
	('DDL', 'MySql', 'SET', 0, 0, 0, 0, 0, 0, 0, 0, NULL, NULL, NULL, NULL, NULL, 'set', 499),
	('DDL', 'MySql', 'TINYBLOB', 0, 0, 0, 0, 0, 0, 0, 0, NULL, NULL, NULL, NULL, NULL, 'tinyblob', 500),
	('DDL', 'MySql', 'TINYTEXT', 0, 0, 0, 0, 0, 0, 0, 0, NULL, NULL, NULL, NULL, NULL, 'tinytext', 501),
	('DDL', 'MySql', 'VARBINARY', 1, 65535, 0, 0, 50, 0, 0, 0, NULL, NULL, NULL, NULL, NULL, 'varbinary', 502),
	('DDL', 'MySql', 'YEAR', 1, 4, 0, 0, 4, 0, 0, 0, NULL, NULL, NULL, NULL, NULL, 'date', 503),
	('DDL', 'PostgreSQL', 'xml', 0, 0, 0, 0, 0, 0, 0, 0, NULL, NULL, NULL, NULL, NULL, 'xml', 504),
	('DDL', 'PostgreSQL', 'uuid', 0, 0, 0, 0, 0, 0, 0, 0, NULL, NULL, NULL, NULL, NULL, 'guid', 505),
	('DDL', 'PostgreSQL', 'date', 0, 0, 0, 0, 0, 0, 0, 0, NULL, NULL, NULL, NULL, NULL, 'date', 506),
	('DDL', 'PostgreSQL', 'interval', 1, 6, 0, 0, 0, 0, 0, 0, NULL, NULL, NULL, NULL, NULL, 'interval', 507),
	('DDL', 'PostgreSQL', 'time', 1, 6, 0, 0, 0, 0, 0, 0, NULL, NULL, NULL, NULL, NULL, 'time', 508),
	('DDL', 'PostgreSQL', 'time with time zone', 1, 6, 0, 0, 0, 0, 0, 0, NULL, NULL, NULL, NULL, NULL, 'time', 509),
	('DDL', 'PostgreSQL', 'time without time zone', 1, 6, 0, 0, 0, 0, 0, 0, NULL, NULL, NULL, NULL, NULL, 'time', 510),
	('DDL', 'PostgreSQL', 'timestamp with time zone', 1, 6, 0, 0, 0, 0, 0, 0, NULL, NULL, NULL, NULL, NULL, 'datetime', 511),
	('DDL', 'PostgreSQL', 'timestamp without time zone', 1, 6, 0, 0, 0, 0, 0, 0, NULL, NULL, NULL, NULL, NULL, 'datetime', 512),
	('DDL', 'PostgreSQL', 'inet', 0, 0, 0, 0, 0, 0, 0, 0, NULL, NULL, NULL, NULL, NULL, 'inet', 513),
	('DDL', 'PostgreSQL', 'cidr', 0, 0, 0, 0, 0, 0, 0, 0, NULL, NULL, NULL, NULL, NULL, 'cidr', 514),
	('DDL', 'PostgreSQL', 'macaddr', 0, 0, 0, 0, 0, 0, 0, 0, NULL, NULL, NULL, NULL, NULL, 'macaddr', 515),
	('DDL', 'PostgreSQL', 'money', 0, 0, 0, 0, 0, 0, 0, 0, NULL, NULL, NULL, NULL, NULL, 'currency', 516),
	('DDL', 'PostgreSQL', 'bit', 1, 83886080, 0, 0, 1, 0, 0, 0, NULL, NULL, NULL, NULL, NULL, 'bit', 517),
	('DDL', 'PostgreSQL', 'bit varying', 1, 83886080, 0, 0, 0, 0, 0, 0, NULL, NULL, NULL, NULL, NULL, 'varbit', 518),
	('DDL', 'PostgreSQL', 'double precision', 0, 0, 0, 0, 0, 0, 0, 0, NULL, NULL, NULL, NULL, NULL, 'double', 519),
	('DDL', 'PostgreSQL', 'serial', 0, 0, 0, 0, 0, 0, 0, 0, NULL, NULL, NULL, NULL, NULL, 'serial', 520),
	('DDL', 'PostgreSQL', 'bigserial', 0, 0, 0, 0, 0, 0, 0, 0, NULL, NULL, NULL, NULL, NULL, 'serial', 521),
	('DDL', 'PostgreSQL', 'smallserial', 0, 0, 0, 0, 0, 0, 0, 0, NULL, NULL, NULL, NULL, NULL, 'smallserial', 522),
	('DDL', 'PostgreSQL', 'point', 0, 0, 0, 0, 0, 0, 0, 0, NULL, NULL, NULL, NULL, NULL, 'point', 523),
	('DDL', 'PostgreSQL', 'line', 0, 0, 0, 0, 0, 0, 0, 0, NULL, NULL, NULL, NULL, NULL, 'line', 524),
	('DDL', 'PostgreSQL', 'lseg', 0, 0, 0, 0, 0, 0, 0, 0, NULL, NULL, NULL, NULL, NULL, 'lseg', 525),
	('DDL', 'PostgreSQL', 'box', 0, 0, 0, 0, 0, 0, 0, 0, NULL, NULL, NULL, NULL, NULL, 'box', 526),
	('DDL', 'PostgreSQL', 'path', 0, 0, 0, 0, 0, 0, 0, 0, NULL, NULL, NULL, NULL, NULL, 'path', 527),
	('DDL', 'PostgreSQL', 'polygon', 0, 0, 0, 0, 0, 0, 0, 0, NULL, NULL, NULL, NULL, NULL, 'polygon', 528),
	('DDL', 'PostgreSQL', 'circle', 0, 0, 0, 0, 0, 0, 0, 0, NULL, NULL, NULL, NULL, NULL, 'circle', 529),
	('DDL', 'SQL Server 2012', 'bigint', 0, 0, 0, 0, 0, 0, 0, 0, NULL, NULL, NULL, NULL, NULL, 'bigint', 549),
	('DDL', 'SQL Server 2012', 'binary', 1, 8000, 0, 0, 10, 0, 0, 0, NULL, NULL, NULL, NULL, NULL, 'binary', 550),
	('DDL', 'SQL Server 2012', 'bit', 0, 0, 0, 0, 0, 0, 0, 0, NULL, NULL, NULL, NULL, NULL, 'boolean', 551),
	('DDL', 'SQL Server 2012', 'char', 1, 8000, 0, 0, 10, 0, 0, 0, NULL, NULL, NULL, NULL, NULL, 'char', 552),
	('DDL', 'SQL Server 2012', 'date', 0, 0, 0, 0, 0, 0, 0, 0, NULL, NULL, NULL, NULL, NULL, 'date', 553),
	('DDL', 'SQL Server 2012', 'datetime', 0, 0, 0, 0, 0, 0, 0, 0, NULL, NULL, NULL, NULL, NULL, 'datetime', 554),
	('DDL', 'SQL Server 2012', 'datetime2', 1, 7, 0, 0, 7, 0, 0, 0, NULL, NULL, NULL, NULL, NULL, 'datetime', 555),
	('DDL', 'SQL Server 2012', 'datetimeoffset', 1, 7, 0, 0, 7, 0, 0, 0, NULL, NULL, NULL, NULL, NULL, 'datetime', 556),
	('DDL', 'SQL Server 2012', 'decimal', 2, 38, 38, 38, 0, 18, 0, 0, NULL, NULL, NULL, NULL, NULL, 'decimal', 557),
	('DDL', 'SQL Server 2012', 'float', 0, 53, 0, 0, 53, 0, 0, 0, NULL, NULL, NULL, NULL, NULL, 'float', 558),
	('DDL', 'SQL Server 2012', 'geography', 0, 0, 0, 0, 0, 0, 0, 0, NULL, NULL, NULL, NULL, NULL, 'text', 559),
	('DDL', 'SQL Server 2012', 'geometry', 0, 0, 0, 0, 0, 0, 0, 0, NULL, NULL, NULL, NULL, NULL, 'text', 560),
	('DDL', 'SQL Server 2012', 'hierarchyid', 0, 0, 0, 0, 0, 0, 0, 0, NULL, NULL, NULL, NULL, NULL, 'text', 561),
	('DDL', 'SQL Server 2012', 'image', 0, 0, 0, 0, 0, 0, 0, 0, NULL, NULL, NULL, NULL, NULL, 'blob', 562),
	('DDL', 'SQL Server 2012', 'int', 0, 0, 0, 0, 0, 0, 0, 0, NULL, NULL, NULL, NULL, NULL, 'integer', 563),
	('DDL', 'SQL Server 2012', 'money', 0, 0, 0, 0, 0, 19, 4, 0, NULL, NULL, NULL, NULL, NULL, 'currency', 564),
	('DDL', 'SQL Server 2012', 'nchar', 1, 4000, 0, 0, 10, 0, 0, 0, NULL, NULL, NULL, NULL, NULL, 'nchar', 565),
	('DDL', 'SQL Server 2012', 'ntext', 0, 0, 0, 0, 0, 0, 0, 0, NULL, NULL, NULL, NULL, NULL, 'ntext', 566),
	('DDL', 'SQL Server 2012', 'numeric', 2, 38, 38, 38, 0, 18, 0, 0, NULL, NULL, NULL, NULL, NULL, 'numeric', 567),
	('DDL', 'SQL Server 2012', 'nvarchar', 1, 4000, 0, 0, 50, 0, 0, 0, NULL, NULL, NULL, NULL, NULL, 'nvarchar', 568),
	('DDL', 'SQL Server 2012', 'nvarchar(max)', 0, 0, 0, 0, 0, 0, 0, 0, NULL, NULL, NULL, NULL, NULL, 'varchar', 569),
	('DDL', 'SQL Server 2012', 'real', 0, 53, 0, 0, 53, 0, 0, 0, NULL, NULL, NULL, NULL, NULL, 'double', 570),
	('DDL', 'SQL Server 2012', 'smalldatetime', 0, 0, 0, 0, 0, 0, 0, 0, NULL, NULL, NULL, NULL, NULL, 'datetime', 571),
	('DDL', 'SQL Server 2012', 'smallint', 0, 0, 0, 0, 0, 0, 0, 0, NULL, NULL, NULL, NULL, NULL, 'smallint', 572),
	('DDL', 'SQL Server 2012', 'smallmoney', 0, 0, 0, 0, 0, 0, 0, 0, NULL, NULL, NULL, NULL, NULL, 'money', 573),
	('DDL', 'SQL Server 2012', 'sql_variant', 0, 0, 0, 0, 0, 0, 0, 0, NULL, NULL, NULL, NULL, NULL, 'sqlvariant', 574),
	('DDL', 'SQL Server 2012', 'text', 0, 0, 0, 0, 0, 0, 0, 0, NULL, NULL, NULL, NULL, NULL, 'text', 575),
	('DDL', 'SQL Server 2012', 'time', 1, 7, 0, 0, 7, 0, 0, 0, NULL, NULL, NULL, NULL, NULL, 'time', 576),
	('DDL', 'SQL Server 2012', 'timestamp', 0, 0, 0, 0, 0, 0, 0, 0, NULL, NULL, NULL, NULL, NULL, 'timestamp', 577),
	('DDL', 'SQL Server 2012', 'tinyint', 0, 0, 0, 0, 0, 0, 0, 0, NULL, NULL, NULL, NULL, NULL, 'tinyint', 578),
	('DDL', 'SQL Server 2012', 'uniqueidentifier', 0, 0, 0, 0, 0, 0, 0, 0, NULL, NULL, NULL, NULL, NULL, 'guid', 579),
	('DDL', 'SQL Server 2012', 'varbinary', 1, 8000, 0, 0, 50, 0, 0, 0, NULL, NULL, NULL, NULL, NULL, 'varbinary', 580),
	('DDL', 'SQL Server 2012', 'varbinary(max)', 0, 0, 0, 0, 0, 0, 0, 0, NULL, NULL, NULL, NULL, NULL, 'varbinary', 581),
	('DDL', 'SQL Server 2012', 'varchar', 1, 8000, 0, 0, 50, 0, 0, 0, NULL, NULL, NULL, NULL, NULL, 'varchar', 582),
	('DDL', 'SQL Server 2012', 'varchar(max)', 0, 0, 0, 0, 0, 0, 0, 0, NULL, NULL, NULL, NULL, NULL, 'varchar', 583),
	('DDL', 'SQL Server 2012', 'xml', 0, 0, 0, 0, 0, 0, 0, 0, NULL, NULL, NULL, NULL, NULL, 'text', 584),
	('DDL', 'Sybase', 'bigint', 0, 0, 0, 0, 0, 0, 0, 0, NULL, NULL, NULL, NULL, NULL, 'int8', 741),
	('DDL', 'Sybase', 'binary', 1, 32767, 0, 0, 50, 0, 0, 0, NULL, NULL, NULL, NULL, NULL, 'binary', 742),
	('DDL', 'Sybase', 'bit', 0, 0, 0, 0, 0, 0, 0, 0, NULL, NULL, NULL, NULL, NULL, 'bit', 743),
	('DDL', 'Sybase', 'char', 1, 32767, 0, 0, 10, 0, 0, 0, NULL, NULL, NULL, NULL, NULL, 'char', 744),
	('DDL', 'Sybase', 'date', 0, 0, 0, 0, 0, 0, 0, 0, NULL, NULL, NULL, NULL, NULL, 'date4', 745),
	('DDL', 'Sybase', 'datetime', 0, 0, 0, 0, 0, 0, 0, 0, NULL, NULL, NULL, NULL, NULL, 'datetime8', 746),
	('DDL', 'Sybase', 'datetimeoffset', 0, 0, 0, 0, 0, 0, 0, 0, NULL, NULL, NULL, NULL, NULL, 'datetimeoffset', 747),
	('DDL', 'Sybase', 'decimal', 2, 0, 127, 127, 0, 30, 6, 0, NULL, NULL, NULL, NULL, NULL, 'decimal', 748),
	('DDL', 'Sybase', 'double', 1, 15, 0, 0, 0, 15, 0, 0, NULL, NULL, NULL, NULL, NULL, 'double', 749),
	('DDL', 'Sybase', 'float', 1, 15, 0, 0, 0, 15, 0, 0, NULL, NULL, NULL, NULL, NULL, 'float', 750),
	('DDL', 'Sybase', 'integer', 0, 0, 0, 0, 0, 0, 0, 0, NULL, NULL, NULL, NULL, NULL, 'int4', 751),
	('DDL', 'Sybase', 'image', 0, 0, 0, 0, 0, 0, 0, 0, NULL, NULL, NULL, NULL, NULL, 'long binary', 752),
	('DDL', 'Sybase', 'long binary', 0, 0, 0, 0, 0, 0, 0, 0, NULL, NULL, NULL, NULL, NULL, 'long binary', 753),
	('DDL', 'Sybase', 'long nvarchar', 0, 0, 0, 0, 0, 0, 0, 0, NULL, NULL, NULL, NULL, NULL, 'longnvarchar', 754),
	('DDL', 'Sybase', 'long varbit', 1, 32767, 0, 0, 1, 0, 0, 0, NULL, NULL, NULL, NULL, NULL, 'varbit', 755),
	('DDL', 'Sybase', 'long varchar', 0, 0, 0, 0, 0, 0, 0, 0, NULL, NULL, NULL, NULL, NULL, 'longvarchar', 756),
	('DDL', 'Sybase', 'money', 0, 0, 0, 0, 0, 0, 0, 0, NULL, NULL, NULL, NULL, NULL, 'money', 757),
	('DDL', 'Sybase', 'nchar', 1, 32767, 0, 0, 10, 0, 0, 0, NULL, NULL, NULL, NULL, NULL, 'nchar', 758),
	('DDL', 'Sybase', 'ntext', 0, 0, 0, 0, 0, 0, 0, 0, NULL, NULL, NULL, NULL, NULL, 'ntext', 759),
	('DDL', 'Sybase', 'numeric', 2, 0, 127, 127, 0, 30, 6, 0, NULL, NULL, NULL, NULL, NULL, 'numeric', 760),
	('DDL', 'Sybase', 'nvarchar', 1, 32767, 0, 0, 50, 0, 0, 0, NULL, NULL, NULL, NULL, NULL, 'nvarchar', 761),
	('DDL', 'Sybase', 'real', 2, 0, 127, 127, 0, 30, 6, 0, NULL, NULL, NULL, NULL, NULL, 'decimal', 762),
	('DDL', 'Sybase', 'smalldatetime', 0, 0, 0, 0, 0, 0, 0, 0, NULL, NULL, NULL, NULL, NULL, 'datetime4', 763),
	('DDL', 'Sybase', 'smallint', 0, 0, 0, 0, 0, 0, 0, 0, NULL, NULL, NULL, NULL, NULL, 'int2', 764),
	('DDL', 'Sybase', 'smallmoney', 0, 0, 0, 0, 0, 0, 0, 0, NULL, NULL, NULL, NULL, NULL, 'smallmoney', 765),
	('DDL', 'Sybase', 'ST_Geometry', 0, 0, 0, 0, 0, 0, 0, 0, NULL, NULL, NULL, NULL, NULL, 'geometry', 766),
	('DDL', 'Sybase', 'ST_GeomCollection', 0, 0, 0, 0, 0, 0, 0, 0, NULL, NULL, NULL, NULL, NULL, 'geometrycollection', 767),
	('DDL', 'Sybase', 'ST_Point', 0, 0, 0, 0, 0, 0, 0, 0, NULL, NULL, NULL, NULL, NULL, 'point', 768),
	('DDL', 'Sybase', 'ST_Polygon', 0, 0, 0, 0, 0, 0, 0, 0, NULL, NULL, NULL, NULL, NULL, 'polygon', 769),
	('DDL', 'Sybase', 'ST_LineString', 0, 0, 0, 0, 0, 0, 0, 0, NULL, NULL, NULL, NULL, NULL, 'linestring', 770),
	('DDL', 'Sybase', 'ST_MultiLineString', 0, 0, 0, 0, 0, 0, 0, 0, NULL, NULL, NULL, NULL, NULL, 'multilinestring', 771),
	('DDL', 'Sybase', 'ST_MultiPoint', 0, 0, 0, 0, 0, 0, 0, 0, NULL, NULL, NULL, NULL, NULL, 'multipoint', 772),
	('DDL', 'Sybase', 'ST_MultiPolygon', 0, 0, 0, 0, 0, 0, 0, 0, NULL, NULL, NULL, NULL, NULL, 'multipolygon', 773),
	('DDL', 'Sybase', 'text', 0, 0, 0, 0, 0, 0, 0, 0, NULL, NULL, NULL, NULL, NULL, 'text', 774),
	('DDL', 'Sybase', 'tinyint', 0, 0, 0, 0, 0, 0, 0, 0, NULL, NULL, NULL, NULL, NULL, 'int1', 775),
	('DDL', 'Sybase', 'time', 0, 0, 0, 0, 0, 0, 0, 0, NULL, NULL, NULL, NULL, NULL, 'time', 776),
	('DDL', 'Sybase', 'timestamp', 0, 0, 0, 0, 0, 0, 0, 0, NULL, NULL, NULL, NULL, NULL, 'timestamp8', 777),
	('DDL', 'Sybase', 'timestamp with time zone', 0, 0, 0, 0, 0, 0, 0, 0, NULL, NULL, NULL, NULL, NULL, 'timestamptz', 778),
	('DDL', 'Sybase', 'uniqueidentifer', 0, 0, 0, 0, 0, 0, 0, 0, NULL, NULL, NULL, NULL, NULL, 'uniqueidentifier', 779),
	('DDL', 'Sybase', 'uniqueidentiferstr', 0, 0, 0, 0, 0, 0, 0, 0, NULL, NULL, NULL, NULL, NULL, 'uniqueidentifier', 780),
	('DDL', 'Sybase', 'varbinary', 1, 32767, 0, 0, 1, 0, 0, 0, NULL, NULL, NULL, NULL, NULL, 'varbinary', 781),
	('DDL', 'Sybase', 'varbit', 1, 32767, 0, 0, 1, 0, 0, 0, NULL, NULL, NULL, NULL, NULL, 'varbit', 782),
	('DDL', 'Sybase', 'varchar', 1, 32767, 0, 0, 50, 0, 0, 0, NULL, NULL, NULL, NULL, NULL, 'varchar', 783),
	('DDL', 'Sybase', 'xml', 0, 0, 0, 0, 0, 0, 0, 0, NULL, NULL, NULL, NULL, NULL, 'xml', 784),
	('DDL', 'DB2', 'ST_GEOMETRY', 0, 0, 0, 0, 0, 0, 0, 0, NULL, NULL, NULL, NULL, NULL, 'geometry', 785),
	('DDL', 'DB2', 'ST_GEOMCOLLECTION', 0, 0, 0, 0, 0, 0, 0, 0, NULL, NULL, NULL, NULL, NULL, 'geometrycollection', 786),
	('DDL', 'DB2', 'ST_POINT', 0, 0, 0, 0, 0, 0, 0, 0, NULL, NULL, NULL, NULL, NULL, 'point', 787),
	('DDL', 'DB2', 'ST_POLYGON', 0, 0, 0, 0, 0, 0, 0, 0, NULL, NULL, NULL, NULL, NULL, 'polygon', 788),
	('DDL', 'DB2', 'ST_LINESTRING', 0, 0, 0, 0, 0, 0, 0, 0, NULL, NULL, NULL, NULL, NULL, 'linestring', 789),
	('DDL', 'DB2', 'ST_MULTILINESTRING', 0, 0, 0, 0, 0, 0, 0, 0, NULL, NULL, NULL, NULL, NULL, 'multilinestring', 790),
	('DDL', 'DB2', 'ST_MULTIPOINT', 0, 0, 0, 0, 0, 0, 0, 0, NULL, NULL, NULL, NULL, NULL, 'multipoint', 791),
	('DDL', 'DB2', 'ST_MULTIPOLYGON', 0, 0, 0, 0, 0, 0, 0, 0, NULL, NULL, NULL, NULL, NULL, 'multipolygon', 792),
	('DDL', 'Oracle', 'MDSYS.ST_GEOMETRY', 0, 0, 0, 0, 0, 0, 0, 0, NULL, NULL, NULL, NULL, NULL, 'geometry', 793),
	('DDL', 'Oracle', 'MDSYS.ST_GEOMCOLLECTION', 0, 0, 0, 0, 0, 0, 0, 0, NULL, NULL, NULL, NULL, NULL, 'geometrycollection', 794),
	('DDL', 'Oracle', 'MDSYS.ST_POINT', 0, 0, 0, 0, 0, 0, 0, 0, NULL, NULL, NULL, NULL, NULL, 'point', 795),
	('DDL', 'Oracle', 'MDSYS.ST_POLYGON', 0, 0, 0, 0, 0, 0, 0, 0, NULL, NULL, NULL, NULL, NULL, 'polygon', 796),
	('DDL', 'Oracle', 'MDSYS.ST_LINESTRING', 0, 0, 0, 0, 0, 0, 0, 0, NULL, NULL, NULL, NULL, NULL, 'linestring', 797),
	('DDL', 'Oracle', 'MDSYS.ST_MULTILINESTRING', 0, 0, 0, 0, 0, 0, 0, 0, NULL, NULL, NULL, NULL, NULL, 'multilinestring', 798),
	('DDL', 'Oracle', 'MDSYS.ST_MULTIPOINT', 0, 0, 0, 0, 0, 0, 0, 0, NULL, NULL, NULL, NULL, NULL, 'multipoint', 799),
	('DDL', 'Oracle', 'MDSYS.ST_MULTIPOLYGON', 0, 0, 0, 0, 0, 0, 0, 0, NULL, NULL, NULL, NULL, NULL, 'multipolygon', 800),
	('DDL', 'PostgreSQL', 'box2d', 0, 0, 0, 0, 0, 0, 0, 0, NULL, NULL, NULL, NULL, NULL, 'box', 801),
	('DDL', 'PostgreSQL', 'box3d', 0, 0, 0, 0, 0, 0, 0, 0, NULL, NULL, NULL, NULL, NULL, 'box3d', 802),
	('DDL', 'PostgreSQL', 'geometry', 0, 0, 0, 0, 0, 0, 0, 0, NULL, NULL, NULL, NULL, NULL, 'geometry', 803),
	('DDL', 'PostgreSQL', 'geometry(point)', 0, 0, 0, 0, 0, 0, 0, 0, NULL, NULL, NULL, NULL, NULL, 'point', 804),
	('DDL', 'PostgreSQL', 'geometry(polygon)', 0, 0, 0, 0, 0, 0, 0, 0, NULL, NULL, NULL, NULL, NULL, 'polygon', 805),
	('DDL', 'PostgreSQL', 'geometry(linestring)', 0, 0, 0, 0, 0, 0, 0, 0, NULL, NULL, NULL, NULL, NULL, 'linestring', 806),
	('DDL', 'PostgreSQL', 'geometry(geometrycollection)', 0, 0, 0, 0, 0, 0, 0, 0, NULL, NULL, NULL, NULL, NULL, 'geometrycollection', 807),
	('DDL', 'PostgreSQL', 'geometry(multipoint)', 0, 0, 0, 0, 0, 0, 0, 0, NULL, NULL, NULL, NULL, NULL, 'multipoint', 808),
	('DDL', 'PostgreSQL', 'geometry(multipolygon)', 0, 0, 0, 0, 0, 0, 0, 0, NULL, NULL, NULL, NULL, NULL, 'multipolygon', 809),
	('DDL', 'PostgreSQL', 'geometry(multilinestring)', 0, 0, 0, 0, 0, 0, 0, 0, NULL, NULL, NULL, NULL, NULL, 'multilinestring', 810),
	('DDL', 'PostgreSQL', 'geometry_dump', 0, 0, 0, 0, 0, 0, 0, 0, NULL, NULL, NULL, NULL, NULL, 'geometry_dump', 811),
	('DDL', 'PostgreSQL', 'geography', 0, 0, 0, 0, 0, 0, 0, 0, NULL, NULL, NULL, NULL, NULL, 'geography', 812),
	('DDL', 'PostgreSQL', 'geography(point)', 0, 0, 0, 0, 0, 0, 0, 0, NULL, NULL, NULL, NULL, NULL, 'point2', 813),
	('DDL', 'PostgreSQL', 'geography(polygon)', 0, 0, 0, 0, 0, 0, 0, 0, NULL, NULL, NULL, NULL, NULL, 'polygon2', 814),
	('DDL', 'PostgreSQL', 'geography(linestring)', 0, 0, 0, 0, 0, 0, 0, 0, NULL, NULL, NULL, NULL, NULL, 'linestring2', 815),
	('DDL', 'PostgreSQL', 'geography(geometrycollection)', 0, 0, 0, 0, 0, 0, 0, 0, NULL, NULL, NULL, NULL, NULL, 'geometrycollection2', 816),
	('DDL', 'PostgreSQL', 'geography(multipoint)', 0, 0, 0, 0, 0, 0, 0, 0, NULL, NULL, NULL, NULL, NULL, 'multipoint2', 817),
	('DDL', 'PostgreSQL', 'geography(multipolygon)', 0, 0, 0, 0, 0, 0, 0, 0, NULL, NULL, NULL, NULL, NULL, 'multipolygon2', 818),
	('DDL', 'PostgreSQL', 'geography(multilinestring)', 0, 0, 0, 0, 0, 0, 0, 0, NULL, NULL, NULL, NULL, NULL, 'multilinestring2', 819),
	('DDL', 'MSAccess', 'GUID', 0, 0, 0, 0, 0, 0, 0, 0, NULL, NULL, NULL, NULL, NULL, 'guid', 820),
	('DDL', 'MSAccess 2007', 'GUID', 0, 0, 0, 0, 0, 0, 0, 0, NULL, NULL, NULL, NULL, NULL, 'guid', 821),
	('DDL', 'DB2', 'DBCLOB', 1, 1073741823, 0, 0, 1, 0, 0, 0, NULL, NULL, NULL, NULL, NULL, 'dbclob', 822),
	('DDL', 'DB2', 'GRAPHIC', 1, 127, 0, 0, 1, 0, 0, 0, NULL, NULL, NULL, NULL, NULL, 'graphic', 823),
	('DDL', 'DB2', 'LONG VARGRAPHIC', 0, 0, 0, 0, 0, 0, 0, 0, NULL, NULL, NULL, NULL, NULL, 'longvargraphic', 824),
	('DDL', 'DB2', 'VARGRAPHIC', 1, 16336, 0, 0, 1, 0, 0, 0, NULL, NULL, NULL, NULL, NULL, 'vargraphic', 825),
	('DDL', 'Sybase ASE', 'varbinary', 1, 255, 0, 0, 1, 0, 0, 0, NULL, NULL, NULL, NULL, NULL, 'varbinary', 826);

INSERT INTO `t_diagram` (`Diagram_ID`, `Package_ID`, `ParentID`, `Diagram_Type`, `Name`, `Version`, `Author`, `ShowDetails`, `Notes`, `Stereotype`, `AttPub`, `AttPri`, `AttPro`, `Orientation`, `cx`, `cy`, `Scale`, `CreatedDate`, `ModifiedDate`, `HTMLPath`, `ShowForeign`, `ShowBorder`, `ShowPackageContents`, `PDATA`, `Locked`, `ea_guid`, `TPos`, `Swimlanes`, `StyleEx`) VALUES
	(1, 2, 0, 'Logical', 'Diagram', '1.0', 'schick', 0, NULL, NULL, 1, 1, 1, 'P', 795, 1142, 100, '2016-03-03', '2016-03-03', NULL, 0, 0, 0, 'HideRel=0;ShowTags=0;ShowReqs=0;ShowCons=0;OpParams=1;ShowSN=0;ScalePI=0;PPgs.cx=0;PPgs.cy=0;PSize=9;ShowIcons=1;SuppCN=0;HideProps=0;HideParents=0;UseAlias=0;HideAtts=0;HideOps=0;HideStereo=0;HideEStereo=0;FormName=;', 0, '{677D24B9-8444-46e0-A09C-60ACCC7FFC02}', NULL, 'locked=false;orientation=0;width=0;inbar=false;names=false;color=-1;bold=false;fcol=0;tcol=-1;ofCol=-1;hl=1;cls=0;', 'ExcludeRTF=0;DocAll=0;HideQuals=0;AttPkg=1;ShowTests=0;ShowMaint=0;SuppressFOC=1;MatrixActive=0;SwimlanesActive=1;KanbanActive=0;MatrixLineWidth=1;MatrixLocked=0;TConnectorNotation=UML 2.1;TExplicitNavigability=0;AdvancedElementProps=1;AdvancedFeatureProps=1;AdvancedConnectorProps=1;ProfileData=;MDGDgm=;STBLDgm=;ShowNotes=0;VisibleAttributeDetail=0;ShowOpRetType=1;SuppressBrackets=0;SuppConnectorLabels=0;PrintPageHeadFoot=0;ShowAsList=0;SuppressedCompartments=;SaveTag=140BEE4D;');

INSERT INTO `t_diagramlinks` (`DiagramID`, `ConnectorID`, `Geometry`, `Style`, `Hidden`, `Path`, `Instance_ID`) VALUES
	(1, 1, 'SX=0;SY=0;EX=-58;EY=7;EDGE=2;$LLB=CX=18:CY=13:OX=0:OY=0:HDN=0:BLD=0:ITA=0:UND=0:CLR=-1:ALN=1:DIR=0:ROT=0;LLT=;LMT=CX=33:CY=13:OX=0:OY=0:HDN=0:BLD=0:ITA=0:UND=0:CLR=-1:ALN=1:DIR=0:ROT=0;LMB=;LRT=;LRB=CX=6:CY=13:OX=0:OY=0:HDN=0:BLD=0:ITA=0:UND=0:CLR=-1:ALN=1:DIR=0:ROT=0;IRHS=;ILHS=;', 'Mode=3;EOID=4CE8A414;SOID=BCD80F4A;Color=-1;LWidth=0;', 0, NULL, 1),
	(1, 4, 'SX=0;SY=0;EX=0;EY=0;EDGE=1;$LLB=;LLT=;LMT=;LMB=;LRT=;LRB=;IRHS=;ILHS=;', 'Mode=3;EOID=BCD80F4A;SOID=DF85B8C2;Color=-1;LWidth=0;', 0, NULL, 2),
	(1, 5, 'SX=0;SY=0;EX=0;EY=0;EDGE=1;$LLB=;LLT=;LMT=;LMB=;LRT=;LRB=;IRHS=;ILHS=;', 'Mode=3;EOID=BCD80F4A;SOID=AD1DCBD4;Color=-1;LWidth=0;', 0, NULL, 3);

INSERT INTO `t_diagramobjects` (`Diagram_ID`, `Object_ID`, `RectTop`, `RectLeft`, `RectRight`, `RectBottom`, `Sequence`, `ObjectStyle`, `Instance_ID`) VALUES
	(1, 3, -178, 571, 689, -300, 4, 'DUID=4CE8A414;NSL=0;BCol=-1;BFol=-1;LCol=-1;LWth=-1;fontsz=0;bold=0;black=0;italic=0;ul=0;charset=0;pitch=0;', 1),
	(1, 2, -184, 271, 427, -280, 3, 'DUID=BCD80F4A;NSL=0;BCol=-1;BFol=-1;LCol=-1;LWth=-1;fontsz=0;bold=0;black=0;italic=0;ul=0;charset=0;pitch=0;', 2),
	(1, 5, -380, 411, 549, -450, 2, 'DUID=AD1DCBD4;', 3),
	(1, 4, -381, 185, 307, -451, 1, 'DUID=DF85B8C2;', 4);

INSERT INTO `t_diagramtypes` (`Diagram_Type`, `Name`, `Package_ID`) VALUES
	('Activity', 'Activity', 1),
	('Analysis', 'Analysis', 1),
	('Collaboration', 'Collaboration', 1),
	('Component', 'Component', 1),
	('CompositeStructure', 'CompositeStructure', 1),
	('Custom', 'Custom', 1),
	('Deployment', 'Deployment', 1),
	('InteractionOverview', 'InteractionOverview', 1),
	('Logical', 'Logical View', 1),
	('Object', 'Object', 1),
	('Package', 'Package', 1),
	('Sequence', 'Sequence', 1),
	('Statechart', 'Statechart', 1),
	('Timing', 'Timing', 1),
	('Use Case', 'Use Case View', 1);


INSERT INTO `t_ecf` (`ECFID`, `Description`, `Weight`, `Value`, `Notes`) VALUES
	('ECF01', 'Familiar with Rational Unified Process', 1.5, 4, NULL),
	('ECF02', 'Application experience', 0.5, 3, NULL),
	('ECF03', 'Object-oriented experience', 1, 4, NULL),
	('ECF04', 'Lead analyst capability', 0.5, 4, NULL),
	('ECF05', 'Motivation', 1, 3, NULL),
	('ECF06', 'Stable requirements', 2, 4, NULL),
	('ECF07', 'Part-time workers', -1, 0, NULL),
	('ECF08', 'Difficult programming language', -1, 3, NULL);

INSERT INTO `t_efforttypes` (`EffortType`, `Description`, `NumericWeight`, `Notes`) VALUES
	('Analysis', 'Analyzing System', 1, 'Analysis'),
	('Coding', 'Developing code', 1, 'Code writing'),
	('Construction', 'Design and build system components', 1, 'The construction phase is concerned with designing and building the components necessary to implement the system as specified.'),
	('Design', 'Designing specifications', 1, 'Process of developing system design'),
	('Elaboration', 'Refine specification. Set up project', 1, 'The elaboration phase is concerned with refining the system specification, setting up project infrastructure and agreeing on the body of work to be completed.'),
	('Transition', 'Implementation, acceptance testing', 1, 'The Transition phase revolves around the implementation of the project and the acceptance testing carried out by the end user');


INSERT INTO `t_genopt` (`AppliesTo`, `Option`) VALUES
	('CMACRO', '_AFX_NO_DEBUG_CRT;_AFX_NO_OCC_SUPPORT;_AFX_OLD_EXCEPTIONS;_AFX_PACKING;_AFXDLL;_DEBUG;_MSC_VER;_UNICODE;AFX_CDECL;AFX_COMDAT;AFX_DATA;AFX_DATADEF;AFX_NOVTABLE;AFXAPI;APICALL;BEGIN_INTERFACE_PART ^ END_INTERFACE_PART;BEGIN_PARAM_MAP ^ END_PARAM_MAP;CONTROLLER_API;DECLARE_DYNAMIC();DECLARE_DYNCREATE();DECLARE_INTERFACE_MAP();DECLARE_MESSAGE_MAP();defined();PASCAL;SWLAPI;WINAPI;'),
	('Status', NULL),
	('class', 'nKill=0;nLang=1;sLang=Java;bConstructor=1;bConInline=0;sConScope=Public;bCpyConstructor=0;bCpyConInline=0;sCpyConScope=Public;bDestructor=1;bDesVirtual=1;bDesInline=0;sDesScope=Public;CHeader=.h;CBody=.cpp;JBody=.java;VBody=.cls;VBNetBody=.vb;WFSBody=.vbs;JavaScriptBody=.js;sAssocName=m_$LinkClass;bGetSet=1;bGenInterfaces=1;JCol=Vector;CCol=[];VCol=Collection;bVMultiuse=1;bVPersist=0;bVDatabind=0;bVDatasource=0;bVGlobal=0;bVCreatable=1;bVExposed=0;sMTS=0;sCRefType=*;sCGetPrefix=Get;sCSetPrefix=Set;sJGetPrefix=get;sJSetPrefix=set;sCSGetPrefix=Get;sCSSetPrefix=Set;sVVersion=6.0;CSBody=.cs;DBody=.pas;bJInnerClasses=1;sJCollection=;sCodePage=;sPHPBody=.php;sPHPVersion=;sPHPGetPrefix=get;sPHPSetPrefix=set;ASBody=.as;PyBody=.py;CPPVersion=;ASVersion=2.0;ANSICHeader=.h;ANSICBody=.c;ANSIC_OOSupport=0;ANSIC_NSDLMT=_;ANSIC_RefParam=1;ANSIC_RefStyle=*;ANSIC_RefName=this;ANSIC_ConstructorName=new;ANSIC_DestructorName=delete;CPPCollections=CArray<#TYPE#>CMap<CString,LPCTSTR,#TYPE#*,#TYPE#*>;CSCollections=List<#TYPE#>Stack<#TYPE#>Queue<#TYPE#>;JCollections=HashSet<#TYPE#>Map<String,#TYPE#>List<#TYPE#>;'),
	('mdgtech', '{arcgis}CollClassID=ArcGIS;'),
	('mdgtech', '{ada}DefaultExtension=.ads;ImportFileExtensions=.ads;CollClassID=Ada;'),
	('mdgtech', '{verilog}DefaultExtension=.v;ImportFileExtensions=.v;.verilog;CollClassID=Verilog;'),
	('mdgtech', '{systemc}DefaultExtension=sc;ImportFileExtensions=.sc;CollClassID=SystemC;'),
	('mdgtech', '{vhdl}DefaultExtension=vhdl;ImportFileExtensions=.vhdl;.vhd;CollClassID=VHDL;'),
	('scenario', 'usesManagedList=0;');




INSERT INTO `t_implement` (`Type`) VALUES
	('Requirement'),
	('UseCase'),
	('Component');


INSERT INTO `t_lists` (`ListID`, `Category`, `Name`, `NVal`, `Notes`) VALUES
	('{1E9843C4-0788-4948-8FCA-EF9E0D9B9369}', 'ConstStatusType', 'Build', NULL, NULL),
	('{4C61C3E6-B721-41a7-BFB3-699DF50BC4D9}', 'ConstStatusType', 'Validated', NULL, NULL),
	('{5A276B14-D271-431f-A63C-D76B5572F829}', 'ConstStatusType', 'Proposed', NULL, NULL),
	('{AC15A9A3-8278-4e4e-AA88-23DF5EA35B43}', 'ConstStatusType', 'Approved', NULL, NULL),
	('{CD22EDBC-4F15-4b1c-A8D9-EAC780A2CE98}', 'ConstStatusType', 'Mandatory', NULL, NULL),
	('{FDF9A368-23F8-4730-9637-D43E35628A12}', 'ConstStatusType', 'Implemented', NULL, NULL);



INSERT INTO `t_metrictypes` (`Metric`, `Description`, `NumericWeight`, `Notes`) VALUES
	('Breakage', 'Convergence, rework, software scrap', 1, 'Reworked SLOC per change. '),
	('Change', 'Change control, stability', 1, 'Change requests, '),
	('Cost', 'Budget, cost, expenditure', 1, 'Cost per day, percentage expended.'),
	('Progress', 'Iteration, planning, actuals', 1, 'Measures such as function points, SLOC, scenarios, test cases.'),
	('Team', 'Staffing, team dynamics', 1, 'Resource turnover');

INSERT INTO `t_object` (`Object_ID`, `Object_Type`, `Diagram_ID`, `Name`, `Alias`, `Author`, `Version`, `Note`, `Package_ID`, `Stereotype`, `NType`, `Complexity`, `Effort`, `Style`, `Backcolor`, `BorderStyle`, `BorderWidth`, `Fontcolor`, `Bordercolor`, `CreatedDate`, `ModifiedDate`, `Status`, `Abstract`, `Tagged`, `PDATA1`, `PDATA2`, `PDATA3`, `PDATA4`, `PDATA5`, `Concurrency`, `Visibility`, `Persistence`, `Cardinality`, `GenType`, `GenFile`, `Header1`, `Header2`, `Phase`, `Scope`, `GenOption`, `GenLinks`, `Classifier`, `ea_guid`, `ParentID`, `RunState`, `Classifier_guid`, `TPos`, `IsRoot`, `IsLeaf`, `IsSpec`, `IsActive`, `StateFlags`, `PackageFlags`, `Multiplicity`, `StyleEx`, `ActionFlags`, `EventFlags`) VALUES
	(1, 'Package', 0, 'Domain Model', NULL, 'schick', '1.0', NULL, 1, NULL, 0, '1', 0, NULL, -1, 0, -1, -1, -1, '2016-03-03 17:19:34', '2016-03-03 17:19:34', 'Proposed', '0', 0, '2', NULL, NULL, NULL, NULL, NULL, NULL, NULL, NULL, 'Java', NULL, NULL, NULL, '1.0', 'Public', NULL, NULL, 0, '{09C6B6A6-2305-4470-A753-407349673381}', 0, NULL, NULL, NULL, 0, 0, 0, 0, NULL, NULL, NULL, NULL, NULL, NULL),
	(2, 'Class', 0, 'Person', NULL, 'schick', '1.0', NULL, 2, NULL, 0, '1', 0, NULL, -1, 0, -1, -1, -1, '2016-03-03 18:15:46', '2016-03-03 18:18:21', 'Proposed', '0', 0, NULL, NULL, NULL, '0', NULL, NULL, NULL, NULL, NULL, 'Java', NULL, NULL, NULL, '1.0', 'Public', NULL, NULL, 0, '{DF547CC7-ED05-46d5-A4A5-3DB0E427C303}', 0, NULL, NULL, NULL, 0, 0, 0, 0, NULL, NULL, NULL, NULL, NULL, NULL),
	(3, 'Class', 0, 'Address', NULL, 'schick', '1.0', NULL, 2, NULL, 0, '1', 0, NULL, -1, 0, -1, -1, -1, '2016-03-03 18:15:54', '2016-03-03 18:15:54', 'Proposed', '0', 0, NULL, NULL, NULL, '0', NULL, NULL, NULL, NULL, NULL, 'Java', NULL, NULL, NULL, '1.0', 'Public', NULL, NULL, 0, '{AA12590F-3769-4a0e-92E1-54BABD217D8B}', 0, NULL, NULL, NULL, 0, 0, 0, 0, NULL, NULL, NULL, NULL, NULL, NULL),
	(4, 'Class', 0, 'Student', NULL, 'schick', '1.0', NULL, 2, NULL, 0, '1', 0, NULL, -1, 0, -1, -1, -1, '2016-03-03 18:16:09', '2016-03-03 18:16:09', 'Proposed', '0', 0, NULL, NULL, NULL, '0', NULL, NULL, NULL, NULL, NULL, 'Java', NULL, NULL, NULL, '1.0', 'Public', NULL, NULL, 0, '{4EC771AD-7F0B-45fd-9FBB-C34DF1B10408}', 0, NULL, NULL, NULL, 0, 0, 0, 0, NULL, NULL, NULL, NULL, NULL, NULL),
	(5, 'Class', 0, 'Professor', NULL, 'schick', '1.0', NULL, 2, NULL, 0, '1', 0, NULL, -1, 0, -1, -1, -1, '2016-03-03 18:16:17', '2016-03-03 18:16:17', 'Proposed', '0', 0, NULL, NULL, NULL, '0', NULL, NULL, NULL, NULL, NULL, 'Java', NULL, NULL, NULL, '1.0', 'Public', NULL, NULL, 0, '{D0BBA24F-25B5-4d09-B618-07A6F22E1497}', 0, NULL, NULL, NULL, 0, 0, 0, 0, NULL, NULL, NULL, NULL, NULL, NULL);













INSERT INTO `t_objecttypes` (`Object_Type`, `Description`, `DesignObject`, `ImageID`) VALUES
	('Action', 'Action', -1, 8),
	('ActionPin', 'ActionPin', -1, 8),
	('Activity', 'Activity', 0, 21),
	('ActivityParameter', 'ActivityParameter', -1, 8),
	('ActivityPartition', 'ActivityPartition', -1, 8),
	('ActivityRegion', 'ActivityRegion', -1, 8),
	('Actor', 'Actor', 0, 6),
	('Artifact', 'UML Artifact', -1, 8),
	('Association', 'Association', 0, 0),
	('Boundary', 'Boundary', 0, 0),
	('CentralBufferNode', 'CentralBufferNode', -1, 8),
	('Change', 'Change', -1, 19),
	('Class', 'Class', -1, 5),
	('Collaboration', 'Collaboration', 0, 7),
	('CollaborationOccurrence', 'CollaborationOccurrence', -1, 8),
	('Comment', 'Comment', -1, 8),
	('Component', 'Component', -1, 10),
	('ConditionalNode', 'ConditionalNode', -1, 8),
	('Constraint', 'Constraint', -1, 8),
	('DataStore', 'DataStore', -1, 8),
	('DataType', 'DataType', -1, 8),
	('Decision', 'Decision', 0, 0),
	('DeploymentSpecification', 'DeploymentSpecification', -1, 8),
	('Device', 'Device', -1, 8),
	('DiagramFrame', 'DiagramFrame', -1, 8),
	('Entity', 'Entity', 0, 5),
	('EntryPoint', 'UML Entry Point', -1, 8),
	('Enumeration', 'Enumeration', -1, 8),
	('Event', 'Event', 0, 0),
	('ExceptionHandler', 'ExceptionHandler', -1, 8),
	('ExecutionEnvironment', 'ExecutionEnvironment', -1, 8),
	('ExitPoint', 'UML Exit Point', -1, 8),
	('ExpansionNode', 'UML Expansion Node', -1, 8),
	('ExpansionRegion', 'ExpansionRegion', -1, 8),
	('Feature', 'Feature', -1, 8),
	('GUIElement', 'User interface object', -1, 16),
	('InformationItem', 'InformationItem', -1, 8),
	('Interaction', 'Interaction', -1, 8),
	('InteractionFragment', 'InteractionFragment', -1, 8),
	('InteractionOccurrence', 'InteractionOccurrence', -1, 8),
	('InteractionState', 'InteractionState', -1, 8),
	('Interface', 'Interface', 0, 8),
	('InterruptibleActivityRegion', 'InterruptibleActivityRegion', -1, 8),
	('Issue', 'Issue', -1, 19),
	('Label', 'Label', 0, 0),
	('LoopNode', 'LoopNode', -1, 8),
	('MergeNode', 'MergeNode', -1, 8),
	('MessageEndpoint', 'MessageEndpoint', -1, 8),
	('Node', 'Node', -1, 9),
	('Note', 'Note', 0, 0),
	('Object', 'Object', 0, 5),
	('ObjectNode', 'ObjectNode', -1, 8),
	('Package', 'Package', -1, 4),
	('Parameter', 'UML Activity Parameter', -1, 8),
	('Part', 'Part', -1, 8),
	('Port', 'UML Port', -1, 8),
	('PrimitiveType', 'PrimitiveType', -1, 8),
	('ProtocolStateMachine', 'ProtocolStateMachine', -1, 8),
	('ProvidedInterface', 'ProvidedInterface', -1, 8),
	('Region', 'Region', -1, 8),
	('Report', 'System report', -1, 17),
	('RequiredInterface', 'RequiredInterface', -1, 8),
	('Requirement', 'Requirement', -1, 19),
	('Risk', 'Risk', -1, 8),
	('Screen', 'Interface Screen', -1, 11),
	('Sequence', 'Sequence', 0, 0),
	('Signal', 'Signal', -1, 8),
	('State', 'State Chart Object', -1, 20),
	('StateMachine', 'StateMachine', -1, 8),
	('StateNode', 'Start End State', 0, 59),
	('Synchronization', 'Synchronization', 0, 0),
	('Task', 'Task', -1, 8),
	('Text', 'Text', 0, 0),
	('TimeLine', 'TimeLine', -1, 8),
	('Trigger', 'Trigger', -1, 8),
	('UMLDiagram', 'UML Diagram', -1, 8),
	('UseCase', 'UseCase', 0, 7),
	('User', 'User', 0, 0);

INSERT INTO `t_ocf` (`ObjectType`, `ComplexityWeight`) VALUES
	('Actor', 1),
	('UseCase', 5);

INSERT INTO `t_operation` (`OperationID`, `Object_ID`, `Name`, `Scope`, `Type`, `ReturnArray`, `Stereotype`, `IsStatic`, `Concurrency`, `Notes`, `Behaviour`, `Abstract`, `GenOption`, `Synchronized`, `Pos`, `Const`, `Style`, `Pure`, `Throws`, `Classifier`, `Code`, `IsRoot`, `IsLeaf`, `IsQuery`, `StateFlags`, `ea_guid`, `StyleEx`) VALUES
	(1, 2, 'Purchase Parking Pass', 'Public', NULL, NULL, NULL, NULL, 'Sequential', NULL, NULL, NULL, NULL, NULL, 0, NULL, NULL, NULL, NULL, '0', NULL, NULL, NULL, NULL, NULL, '{BA965D1D-1716-4e9f-AC25-9123C4B0F888}', NULL),
	(2, 3, 'Validate', 'Public', 'boolean', NULL, NULL, NULL, 'Sequential', NULL, NULL, NULL, NULL, NULL, 0, NULL, NULL, NULL, NULL, '0', NULL, NULL, NULL, NULL, NULL, '{F414B3C5-E3CF-4fd5-BF0F-805FC6BA3C4A}', NULL);





INSERT INTO `t_package` (`Package_ID`, `Name`, `Parent_ID`, `CreatedDate`, `ModifiedDate`, `Notes`, `ea_guid`, `XMLPath`, `IsControlled`, `LastLoadDate`, `LastSaveDate`, `Version`, `Protected`, `PkgOwner`, `UMLVersion`, `UseDTD`, `LogXML`, `CodePath`, `Namespace`, `TPos`, `PackageFlags`, `BatchSave`, `BatchLoad`) VALUES
	(1, 'Model', 0, '2012-04-17 00:00:00', '2012-04-17 00:00:00', NULL, '{C272E108-4E26-4a65-87FC-2F895BF91DA2}', NULL, 0, NULL, NULL, NULL, 0, NULL, NULL, 0, 0, NULL, NULL, NULL, NULL, 0, 0),
	(2, 'Domain Model', 1, '2016-03-03 00:00:00', '2016-03-03 00:00:00', NULL, '{09C6B6A6-2305-4470-A753-407349673381}', NULL, 0, NULL, NULL, '1.0', 0, NULL, NULL, 0, 0, NULL, NULL, NULL, 'isModel=1;VICON=3;', 0, 0);





INSERT INTO `t_problemtypes` (`ProblemType`, `Description`, `NumericWeight`, `Notes`) VALUES
	('HW', 'Hardware related', 1, NULL),
	('Network', 'Network problems', 1, 'Network issues'),
	('Perform', 'Performance', 1.5, 'Performance related problems'),
	('SW', 'Software', 2, 'Software related issues'),
	('User', 'User caused problem', 1, 'Problems caused by user');

INSERT INTO `t_projectroles` (`Role`, `Description`, `Notes`) VALUES
	('Application Analyst', 'Define and model the application structure', NULL),
	('Business Analyst', 'Model business processes', NULL),
	('C++ Programmer', 'Programming in Visual C++', NULL),
	('Developer', 'Application development', NULL),
	('Java Programmer', 'Java programming', NULL),
	('Project Manager', 'Manage schedule', 'Manage the project schedule '),
	('Solution Architect', 'Lead Technical and Project Architect', 'Define and communicate application architecture'),
	('Use Case Modeller', 'Use Case modelling ', NULL),
	('VB Programmer', 'Visual Basic Programming', NULL);


INSERT INTO `t_requiretypes` (`Requirement`, `Description`, `NumericWeight`, `Notes`) VALUES
	('Display', 'System will display in a specified format', 1, 'Information will be displayed in a particular way'),
	('Functional', 'Functional Requirement', 1, 'Comments here'),
	('Performance', 'Performance based requirement', 1, 'The system must meet some performance criteria'),
	('Printing', 'System printing requirement', 1, 'The system will allow the user(s) to print out some artifact as required by the specification. '),
	('Report', 'The system will roduce a report', 1, 'The system will have the facility to produce a report as required'),
	('Testing', 'Testing requirement', 1.6, 'Testing requirement'),
	('Validate', 'Validate a particular rule', 1, 'The system will validate a specific rule as supplied in the business requirements');







INSERT INTO `t_scenariotypes` (`ScenarioType`, `Description`, `NumericWeight`, `Notes`) VALUES
	('Alternate', 'Alternate pathway', 1, 'Path of execution that includes exceptional conditions.'),
	('Basic Path', 'Basic execution path', 1, 'The standard execution path with no exceptions'),
	('Simple', 'Standard scenario', 1, 'Used to describe ordinary usage');











INSERT INTO `t_statustypes` (`Status`, `Description`) VALUES
	('Approved', 'Item is approved'),
	('Implemented', 'Finished'),
	('Mandatory', 'Required'),
	('Proposed', 'Item has been proposed'),
	('Validated', 'Approved and Checked');

INSERT INTO `t_stereotypes` (`Stereotype`, `AppliesTo`, `Description`, `MFEnabled`, `MFPath`, `Metafile`, `Style`, `ea_guid`, `VisualType`) VALUES
	('process', 'activity', 'A classifier whose instances represent a flow', 0, NULL, NULL, NULL, '{B2401B8C-B23A-407c-9E60-B0856592D317}', NULL),
	('subscribe', 'association', 'Source class will be notified when an event occurs in target', 0, NULL, NULL, NULL, '{08D97DC5-B504-4358-90D4-A85B210B588C}', NULL),
	('column', 'AttribTable', 'A column attribute for a table', 0, NULL, NULL, NULL, '{FC520418-345B-4818-9AFD-368C76CF8E32}', NULL),
	('case worker', 'business class', 'A worker who directly interacts with actors outside the system', 0, NULL, NULL, NULL, '{A8BD0C52-E43F-4530-B022-62FF308FFD94}', NULL),
	('entity', 'business class', 'Passive class accessed and manipulated by workers', 0, NULL, NULL, NULL, '{6144A9D2-964B-460a-82C1-8082753FEAD3}', NULL),
	('internal worker', 'business class', 'A worker that interacts with other workers and entities inside the system.', 0, NULL, NULL, NULL, '{90E839D7-0ECE-44e5-8248-2407CE9440E9}', NULL),
	('worker', 'business class', 'An abstraction of a human that works within the system.', 0, NULL, NULL, NULL, '{40B40239-5BC2-441e-AE14-F97E52BDF77F}', NULL),
	('object system', 'business model', 'Contains business process objects, work units, organization units and relationships', 0, NULL, NULL, NULL, '{32CB4E1A-AB08-4c37-A3E6-9F2D0B1683DE}', NULL),
	('organization unit', 'business model', 'Subsystem corresponding to an organizational unit of the actual business', 0, NULL, NULL, NULL, '{439FC189-E616-47e0-9FEA-D17355B48728}', NULL),
	('work unit', 'business model', 'Subsystem with one or more entities', 0, NULL, NULL, NULL, '{18F73189-CE00-4ebf-A6E5-BB3BFBAD958A}', NULL),
	('asp page', 'class', 'A Microsoft active server page', 0, NULL, NULL, NULL, '{6B7C5400-E8DE-4c82-9DCE-CABA786CB800}', NULL),
	('boundary', 'class', 'Specifies an element that is at the system boundary (e.g.. User Interface)', 0, NULL, NULL, NULL, '{AA9F99F7-9180-46d6-A925-87E8C7DD2F0B}', NULL),
	('client page', 'class', 'A class that represents a client based web page', 0, NULL, NULL, NULL, '{69DF3D3F-FAA9-4039-AF22-CD7AC042D426}', NULL),
	('clientscript', 'class', 'A collection of client-side scripts', 0, NULL, NULL, NULL, '{58B6A5D9-6C76-48ff-BEC4-A5107F0179DE}', NULL),
	('control', 'class', 'Specifies an element that controls the work and lifetimes of other objects', 0, NULL, NULL, NULL, '{CE450F1A-FDA9-4ded-996E-DD5FF09DB0ED}', NULL),
	('entity', 'class', 'Specifies a persistent element mainly concerned with managing its own state', 0, NULL, NULL, NULL, '{C053D049-6F08-458d-8D0F-0EBC10F491ED}', NULL),
	('enumeration', 'class', 'Specifies an enumerated type', 0, NULL, NULL, NULL, '{7B684F13-8C01-4538-9167-05F73712D926}', NULL),
	('exception', 'class', 'An event may be thrown or caught by operation', 0, NULL, NULL, NULL, '{87F17499-93E1-4cbc-AA85-3E6B032B9870}', NULL),
	('form', 'class', 'A class that represents a html form', 0, NULL, NULL, NULL, '{CCF31A40-59DE-489e-9A77-C3B66BC1A645}', NULL),
	('frameset', 'class', 'A class that represents a html frame set', 0, NULL, NULL, NULL, '{F3514B1D-AAFB-46da-B354-6AD4A776385B}', NULL),
	('implementationClass', 'class', 'Implementation of a class in some programming language', 0, NULL, NULL, NULL, '{1B8090A9-7ABB-467a-84B7-84DCE051FE44}', NULL),
	('interface', 'class', 'A collection of operations that specify a service of a class or component', 0, NULL, NULL, NULL, '{17572532-E222-439f-BB74-5120546E5222}', NULL),
	('jsp page', 'class', 'A java server page', 0, NULL, NULL, NULL, '{348BC699-9530-49c9-8050-58B269C0323C}', NULL),
	('model document', 'class', 'Set a class as an RTF "Model Document"', 0, NULL, NULL, 'Fill=-1;Border=-1;Font=-1;', '{973DF545-4618-41b2-933C-4B2DF402BB30}', NULL),
	('powertype', 'class', 'A classifier whose objects are all children of a given parent', 0, NULL, NULL, NULL, '{303C229E-81CA-4f1c-9482-F90DC74DC2F0}', NULL),
	('process', 'class', 'A classifier whose instances represent a flow', 0, NULL, NULL, NULL, '{DE819A8D-0550-4fc6-9073-62A6BBF1A501}', NULL),
	('script library', 'class', 'A library of subroutines/functions for web pages', 0, NULL, NULL, NULL, '{F35CF9DB-FC4A-4573-872A-11427396D4F9}', NULL),
	('server page', 'class', 'A class that represents a server based web page', 0, NULL, NULL, NULL, '{6E073633-62E2-423e-8D4A-1C45DDA3C1B4}', NULL),
	('servlet', 'class', 'A java servlet component', 0, NULL, NULL, NULL, '{D76B32CE-482E-4f3d-BCF7-9CA78EF5EDB5}', NULL),
	('signal', 'class', 'Specifies an asynchronous stimulus communicated amongst instances', 0, NULL, NULL, NULL, '{EFAC19CB-E1B3-4c78-A9EA-8CDF433BABA3}', NULL),
	('stereotype', 'class', 'The classifier is a stereotype that may be applied to other elements', 0, NULL, NULL, NULL, '{5F13ED13-63BB-4875-A75E-DBED59671905}', NULL),
	('table', 'class', 'A class that represents a database table', 0, NULL, NULL, NULL, '{D647F79C-A852-4bad-B967-1BD0D6626FEB}', NULL),
	('target', 'class', 'A class that represents a target', 0, NULL, NULL, NULL, '{2DD6E30D-E8DE-435a-8D09-815FF5F00ED8}', NULL),
	('thread', 'class', 'A classifier whose instances represent a lightweight flow of control', 0, NULL, NULL, NULL, '{337A20E5-6CD8-44b6-818E-E64C11239BFD}', NULL),
	('type', 'class', 'An abstract class specifying the structure but not implementation of a set of objects', 0, NULL, NULL, NULL, '{96FA426B-C347-49fe-818B-C0C82574BDBB}', NULL),
	('utility', 'class', 'A class whose attributes and operations are all class-scoped', 0, NULL, NULL, NULL, '{4BA9AF16-F29B-4f9b-9F52-CF7E00DF93CC}', NULL),
	('web page', 'class', 'A html web page', 0, NULL, NULL, NULL, '{76FC9142-090F-464b-91AE-59A8A123468E}', NULL),
	('metaclass', 'classifier', 'A classifier whose objects are all classes', 0, NULL, NULL, NULL, '{2CDBA517-7BB0-499d-ABAA-EAD969472CA7}', NULL),
	('requirement', 'comment', 'Specifies a desired feature, property or behavior of system', 0, NULL, NULL, NULL, '{382B5A84-A08C-46bf-BA40-56FF86FA49F1}', NULL),
	('responsibility', 'comment', 'Specifies a contract by or an obligation of a class', 0, NULL, NULL, NULL, '{4A39D1BB-9F33-4489-BB2D-16D32AA5CC9F}', NULL),
	('document', 'component', 'The component represents a document', 0, NULL, NULL, NULL, '{74743467-B0F9-4ae4-9195-55C70E926F43}', NULL),
	('executable', 'component', 'A component may be executed on a node', 0, NULL, NULL, NULL, '{B6206989-F7B2-462f-95CF-A0B03264C036}', NULL),
	('file', 'component', 'Component represents a document containing source code', 0, NULL, NULL, NULL, '{EF25CDB5-D314-488c-8B92-E2F2F5B28428}', NULL),
	('library', 'component', 'Static or dynamic object library', 0, NULL, NULL, NULL, '{B3A0D5BF-8E07-49f6-AE97-DC29B785D86E}', NULL),
	('table', 'component', 'A component that represents a database table', 0, NULL, NULL, NULL, '{CE4C5A31-16AB-48ac-9DBE-C3318851DBB7}', NULL),
	('invariant', 'constraint', 'Constrain must always hold for associated element', 0, NULL, NULL, NULL, '{8CEA4C84-BECE-4bc1-B8FB-45F23135EBD6}', NULL),
	('postcondition', 'constraint', 'A constraint must hold after the invocation of an element', 0, NULL, NULL, NULL, '{E93D21B1-77BE-4901-94E5-A2B3A2928143}', NULL),
	('precondition', 'constraint', 'A constraint that must hold before an element is invoked', 0, NULL, NULL, NULL, '{3B3D7A1D-5190-4a41-8D00-F1B9635A84B1}', NULL),
	('access', 'dependency', 'Public contents of target are accessible to namespace of source', 0, NULL, NULL, NULL, '{6F8A0A3C-B1FC-4e0b-8516-5119A75108D4}', NULL),
	('bind', 'dependency', 'Source instantiates target template using given parameters', 0, NULL, NULL, NULL, '{2F62374F-AF1F-4cf7-803C-37291FADF789}', NULL),
	('call', 'dependency', 'Source invokes the target', 0, NULL, NULL, NULL, '{331A24E4-A50A-4abc-A615-51507612947F}', NULL),
	('derive', 'dependency', 'Source may be computed from target', 0, NULL, NULL, NULL, '{E6BE1DE8-76C7-4705-9F6B-182D742A4D0E}', NULL),
	('friend', 'dependency', 'Source is given special visibility of target', 0, NULL, NULL, NULL, '{3498694F-6A44-4873-B9E5-837AD654DB1D}', NULL),
	('import', 'dependency', 'Public contents of target are imported into source namespace', 0, NULL, NULL, NULL, '{FBD21C0E-3DC5-4271-9B6E-CEC644F6F67E}', NULL),
	('instanceOf', 'dependency', 'The source object is an instance of the target', 0, NULL, NULL, NULL, '{FAAA6C8A-63CC-454b-A4D8-4B7A58492B6D}', NULL),
	('instantiate', 'dependency', 'Operations on the source class create instances of the target class', 0, NULL, NULL, NULL, '{2CCA5A2C-28F3-4970-AA22-6AC4BCEB6E1E}', NULL),
	('powertype', 'dependency', 'A classifier whose objects are all children of a given parent', 0, NULL, NULL, NULL, '{855B689F-80EC-4e94-BBBB-D291E01F7EFB}', NULL),
	('refine', 'dependency', 'Source is at a finer degree of abstraction than source', 0, NULL, NULL, NULL, '{E400DF63-DA18-4865-BFC8-4ECCBC3FBD79}', NULL),
	('send', 'dependency', 'The source sends the target an event', 0, NULL, NULL, NULL, '{32BAEB7F-8DFB-4aee-90EB-B49F673C79E8}', NULL),
	('trace', 'dependency', 'The target is an historical ancestor of source', 0, NULL, NULL, NULL, '{E9AF1246-987E-4c7f-90A3-0ED79059A20C}', NULL),
	('use', 'dependency', 'The semantics of the source depend on the public part of the target', 0, NULL, NULL, NULL, '{B8CE5ED3-150B-4a2f-8442-F759ACCD68BD}', NULL),
	('implementation', 'generalization', 'Child inherits implementation of parent but does not support its interfaces', 0, NULL, NULL, NULL, '{E8887182-17F2-4d30-A49F-1BB17D65A5E4}', NULL),
	('button', 'GUIElement', 'A button GUI element', 0, NULL, NULL, NULL, '{F7B7804A-5B50-4801-86B5-916FA06DB1CB}', NULL),
	('checkbox', 'GUIElement', 'A checkbox GUI element', 0, NULL, NULL, NULL, '{393F7FF9-AE12-42a9-A9E3-19BBD48A0BD2}', NULL),
	('combobox', 'GUIElement', 'A combo box GUI element', 0, NULL, NULL, NULL, '{A8FA1897-C0D7-41ce-BD88-DE09E3EB0463}', NULL),
	('date', 'GUIElement', 'A GUI element for date entry', 0, NULL, NULL, NULL, '{9172F8B5-591A-4d4b-9DA1-9DBDB42ED34C}', NULL),
	('dialog', 'GUIElement', 'A GUI screen', 0, NULL, NULL, NULL, '{D0C0256F-7ED9-4bc5-BDE9-033A49132161}', NULL),
	('dropdown', 'GUIElement', 'A GUI element that forces user selection', 0, NULL, NULL, NULL, '{7D7EFF54-E6B5-4c7d-86C6-5D02220E3D73}', NULL),
	('form', 'GUIElement', 'A GUI screen', 0, NULL, NULL, NULL, '{E93D6D55-4166-4b2a-862A-6E9DAEA2DE0B}', NULL),
	('hline', 'GUIElement', NULL, 0, NULL, NULL, 'Fill=-1;Border=-1;Font=-1;', '{CBA52C7D-1550-4908-8B3B-B74817F4F3DB}', NULL),
	('list', 'GUIElement', 'A List of Information', 0, NULL, NULL, NULL, '{9741D1FB-37A0-42c4-AD69-5F77005504C2}', NULL),
	('listview', 'GUIElement', 'A stand list view control', 0, NULL, NULL, NULL, '{20AAA38B-8262-4656-8EB4-19E9F9D51E63}', NULL),
	('panel', 'GUIElement', 'A GUI element for grouping other controls', 0, NULL, NULL, NULL, '{79C8A908-AEFA-4104-909A-B1695F51F8E2}', NULL),
	('radio', 'GUIElement', 'A radio button GUI element', 0, NULL, NULL, NULL, '{9568B451-D61C-4122-BB74-799EBD371AC7}', NULL),
	('report', 'GUIElement', 'A List of Information with an expandable text field', 0, NULL, NULL, NULL, '{B3413FCF-F260-4ca7-81CA-DFFF79C682FA}', NULL),
	('tab', 'GUIElement', 'A tab control GUI element', 0, NULL, NULL, NULL, '{06DC30A7-E755-4bee-AAEF-46A0617321ED}', NULL),
	('textbox', 'GUIElement', 'A GUI element for user text entry', 0, NULL, NULL, NULL, '{8F5421FE-BBAE-4bef-9597-DC56CF5B74EB}', NULL),
	('time', 'GUIElement', 'A GUI element for time entry', 0, NULL, NULL, NULL, '{DBD83C34-6569-4a0c-8B56-0552ED35CACE}', NULL),
	('treelist', 'GUIElement', 'A List of Information with a tree structure', 0, NULL, NULL, NULL, '{03427C3D-B57F-427a-9C5D-FC187323E33F}', NULL),
	('vline', 'GUIElement', NULL, 0, NULL, NULL, 'Fill=-1;Border=-1;Font=-1;', '{EC4A2D7D-D091-4fb4-B932-16BC4FB5637B}', NULL),
	('global', 'link end', 'Corresponding object is visible because of enclosing scope', 0, NULL, NULL, NULL, '{28208DDA-7C41-4b77-86C1-9DF1043E0396}', NULL),
	('local', 'link end', 'The corresponding object is visible in local scope', 0, NULL, NULL, NULL, '{AA81DAD6-0172-412f-B234-59BB4630DD15}', NULL),
	('parameter', 'link end', 'The corresponding element is visible because it is a parameter', 0, NULL, NULL, NULL, '{6F5BBA79-79EC-4b34-81D8-18E349678CFB}', NULL),
	('self', 'link end', 'The corresponding object is visible because it is the dispatcher', 0, NULL, NULL, NULL, '{77CD1B5D-E749-496a-B464-D4228D39F36A}', NULL),
	('become', 'message', 'Target is same as source but later in time', 0, NULL, NULL, NULL, '{57CF971D-B3A0-4cc3-9898-62DB3CEE0E0B}', NULL),
	('copy', 'message', 'Target is exact but independent copy of source', 0, NULL, NULL, NULL, '{00ACFBB3-0CF8-4522-9D2B-8B9605EA1074}', NULL),
	('create', 'message', 'Target is created by event or message', 0, NULL, NULL, NULL, '{D599E672-1556-4398-B4CC-A349CD31AE6A}', NULL),
	('destroy', 'message', 'Target is destroyed by event or message', 0, NULL, NULL, NULL, '{2462C9DF-C88D-419a-BCE7-430316E011DF}', NULL),
	('analysis system', 'model', 'Contains analysis classes - entities, boundaries and control elements', 0, NULL, NULL, NULL, '{C157838A-EB10-4e05-ACBB-366912F976A9}', NULL),
	('design system', 'model', 'Contains design elements', 0, NULL, NULL, NULL, '{C605C54F-41B5-499d-A66A-EC3F2FBC77EB}', NULL),
	('implementation system', 'model', 'Contains implementation subsystems and/or components and relationships', 0, NULL, NULL, NULL, '{87307341-8425-44b7-981E-B67B8D58971E}', NULL),
	('use case system', 'model', 'Specifies the services offered to the users', 0, NULL, NULL, NULL, '{32E2EF45-33F1-45b7-8593-B920B6B178FD}', NULL),
	('cd-rom', 'node', 'A class that represents a CDRom drive', 0, NULL, NULL, NULL, '{C4A6B294-0EC8-48d5-BE7A-FCE2DC64BD42}', NULL),
	('cdrom', 'node', 'A class that represents a CDRom drive', 0, NULL, NULL, NULL, '{BCA27F60-9330-403d-97D8-8B86B227CCA6}', NULL),
	('computer', 'node', 'A class that represents a computer', 0, NULL, NULL, NULL, '{538BA23D-C428-453b-AFCD-240F9D9FE9A6}', NULL),
	('disk array', 'node', 'A class that represents a disk array', 0, NULL, NULL, NULL, '{D181ED77-5149-4172-BF03-DC0767106267}', NULL),
	('pc', 'node', 'A class that represents a personal computer', 0, NULL, NULL, NULL, '{00F2DAAC-F5AD-46f1-8105-9929937C4BA9}', NULL),
	('pc client', 'node', 'A class that represents a clients PC', 0, NULL, NULL, NULL, '{C487B71E-A10D-4c79-868A-E4513848664A}', NULL),
	('pc server', 'node', 'A class that represents a PC server', 0, NULL, NULL, NULL, '{A66CAB09-85BE-4ba7-B527-5CC74BC8CCB1}', NULL),
	('secure', 'node', 'A class that represents aet', 0, NULL, NULL, NULL, '{1CC33B54-506F-455d-B37E-CCE069BBF677}', NULL),
	('server', 'node', 'A class that represents a server', 0, NULL, NULL, NULL, '{70121B58-1C21-427b-BBC4-4ACFDAD66DCD}', NULL),
	('storage', 'node', 'A class that represents a storage device', 0, NULL, NULL, NULL, '{C09258F3-563F-40dc-A58D-0608D6451475}', NULL),
	('unix server', 'node', 'A class that represents a Unix server', 0, NULL, NULL, NULL, '{7B80EF62-C53B-47d7-A153-E8FCC5449FA8}', NULL),
	('user pc', 'node', 'A class that represents a users PC', 0, NULL, NULL, NULL, '{0C05151C-E48A-43a9-B7D9-2D48087308C0}', NULL),
	('check', 'OpTable', 'A Check constraint to enforce domain integrity', 0, NULL, NULL, NULL, '{6CA7A2AA-E367-4d09-AF61-97367D021310}', NULL),
	('FK', 'OpTable', 'A Foreign Key', 0, NULL, NULL, NULL, '{9F45C6FA-308A-4188-9046-83E729CD3E20}', NULL),
	('index', 'OpTable', 'An index of one or more columns', 0, NULL, NULL, NULL, '{782DB122-649F-4697-ADF0-FFBE7EB4B2AA}', NULL),
	('PK', 'OpTable', 'A Primary Key', 0, NULL, NULL, NULL, '{34331B3F-0A6F-40ac-B50D-9FAB7D664BE6}', NULL),
	('proc', 'OpTable', 'A stored procedure', 0, NULL, NULL, NULL, '{2C1B8824-5716-4f5e-A782-070EE1A9B8EF}', NULL),
	('trigger', 'OpTable', 'A trigger which executes automatically when an UPDATE, INSERT, or DELETE statement is issued', 0, NULL, NULL, NULL, '{0C3D7532-AAD9-4701-87D3-B669B26CC050}', NULL),
	('unique', 'OpTable', 'A Unique constraint to enforce the integrity of a database automatically', 0, NULL, NULL, NULL, '{26DFCA1D-67E5-4b17-AB6F-B7026BC3580A}', NULL),
	('facade', 'package', 'Package is a view of another concrete package', 0, NULL, NULL, NULL, '{1ED9DBAE-6618-4746-B495-4FCD9EDF4F63}', NULL),
	('framework', 'package', 'Package consists mainly of patterns', 0, NULL, NULL, NULL, '{1EB88FD5-7A6D-4e78-9B4B-A505E2F090F6}', NULL),
	('model', 'package', 'A semantically closed abstraction of a system', 0, NULL, NULL, NULL, '{3B9AA732-32CC-4484-AA94-DA6E8FDBE483}', NULL),
	('stub', 'package', 'A package serves as a proxy for the public contents of another package', 0, NULL, NULL, NULL, '{6FAD686A-24F4-42ef-AA97-A51B040D2A38}', NULL),
	('subsystem', 'package', 'A grouping of elements that constitute a specification of behavior offered by other contained elements', 0, NULL, NULL, NULL, '{22FD9793-3695-44a5-813A-3D3CAFC871B0}', NULL),
	('system', 'package', 'A package representing the entire system being modeled', 0, NULL, NULL, NULL, '{EDFA526A-28AD-43b8-925C-3B8BBBFD691F}', NULL),
	('communicate', 'uses', 'Communication between actor and use case', 0, NULL, NULL, NULL, '{E6AA6D35-8417-42cb-BCEE-B4D15DBAD0DA}', NULL),
	('extend', 'uses', 'Target use case extends the source at a given extension point', 0, NULL, NULL, NULL, '{AB6060DE-7B8B-459e-82B1-51044A943FAA}', NULL),
	('include', 'uses', 'Source use case explicitly includes the behavior of target', 0, NULL, NULL, NULL, '{28390AD3-2B3C-481e-8EB5-AFA42E93DFB0}', NULL);


INSERT INTO `t_tcf` (`TCFID`, `Description`, `Weight`, `Value`, `Notes`) VALUES
	('TCF01', 'Distributed System', 2, 5, NULL),
	('TCF02', 'Response or throughput performance objectives', 1, 4, NULL),
	('TCF03', 'End user efficiency (online)', 1, 2, NULL),
	('TCF04', 'Complex internal processing', 1, 4, NULL),
	('TCF05', 'Code must be re-usable', 1, 2, NULL),
	('TCF06', 'Easy to install', 0.5, 5, NULL),
	('TCF07', 'Easy to use', 0.5, 3, NULL),
	('TCF08', 'Portable', 2, 3, NULL),
	('TCF09', 'Easy to change', 1, 3, NULL),
	('TCF10', 'Concurrent', 1, 2, NULL),
	('TCF11', 'Includ special security features', 1, 2, NULL),
	('TCF12', 'Provide direct access for third parties', 1, 5, NULL),
	('TCF13', 'Special user training faciities are required', 1, 3, NULL);




INSERT INTO `t_testtypes` (`TestType`, `Description`, `NumericWeight`, `Notes`) VALUES
	('Load', 'Performance under load', 1, 'Stress testing'),
	('Regression', 'Regression Testing', 1, 'Regression'),
	('Standard', 'Simple Test procedure', 1, 'Used to test basic path');





INSERT INTO `t_xrefsystem` (`XrefID`, `Name`, `Type`, `Visibility`, `Namespace`, `Requirement`, `Constraint`, `Behavior`, `Partition`, `Description`, `Client`, `Supplier`, `Link`, `ToolID`) VALUES
	('{6E5FED3A-DF6C-40db-BEEC-4528AB8C8A2E}', 'Model Views', 'PView', NULL, '8', NULL, NULL, NULL, NULL, NULL, '0', 'ModelRoot', 'NULL', NULL);




INSERT INTO `usystables` (`TableName`, `RelOrder`, `DisplayName`, `FromVer`, `ToVer`) VALUES
	('t_attribute', 6, 'Object Attributes', '1.1.0', '9.9.9'),
	('t_attributeconstraints', 7, 'Attribute Constraints', '1.1.0', '9.9.9'),
	('t_attributetag', 7, 'Attribute Tag', '3.0.0', '9.9.9'),
	('t_authors', 1, 'Project Authors', '1.1.0', '9.9.9'),
	('t_cardinality', 1, 'Object Cardinality', '1.1.0', '9.9.9'),
	('t_category', 1, 'Category', '3.5.0', '9.9.9'),
	('t_clients', 1, 'Project Clients', '1.1.0', '9.9.9'),
	('t_complexitytypes', 1, 'Complexity Types', '1.1.0', '9.9.9'),
	('t_connector', 6, 'Connectors', '1.1.0', '9.9.9'),
	('t_connectorconstraint', 7, 'Connector Constraints', '1.1.0', '9.9.9'),
	('t_connectortag', 7, 'Connector Tag', '3.0.0', '9.9.9'),
	('t_connectortypes', 1, 'Connector Types', '3.5.0', '9.9.9'),
	('t_constants', 1, 'Constants', '1.1.0', '9.9.9'),
	('t_constrainttypes', 1, 'Constraint Types', '1.1.0', '9.9.9'),
	('t_datatypes', 1, 'Data Types', '1.1.0', '9.9.9'),
	('t_diagram', 5, 'Diagrams', '1.1.0', '9.9.9'),
	('t_diagramlinks', 6, 'Diagram Links', '1.1.0', '9.9.9'),
	('t_diagramobjects', 6, 'Diagram Objects', '1.1.0', '9.9.9'),
	('t_diagramtypes', 2, 'Diagram Types', '1.1.0', '9.9.9'),
	('t_document', 7, 'Document', '3.5.0', '9.9.9'),
	('t_ecf', 1, 'ECF Values', '1.1.0', '9.9.9'),
	('t_efforttypes', 1, 'Effort Types', '1.1.0', '9.9.9'),
	('t_files', 7, 'Files', '3.5.0', '9.9.9'),
	('t_genopt', 1, 'Generation Options', '1.1.0', '9.9.9'),
	('t_glossary', 2, 'Glossary', '1.1.0', '9.9.9'),
	('t_html', 7, 'HTML', '3.5.0', '9.9.9'),
	('t_image', 7, 'Images', '3.1.0', '9.9.9'),
	('t_implement', 2, 'Implementation Details', '1.1.0', '9.9.9'),
	('t_issues', 6, 'Issue Details', '1.1.0', '9.9.9'),
	('t_lists', 1, 'Lists', '3.5.0', '9.9.9'),
	('t_mainttypes', 1, 'Maintenance Types', '1.1.0', '9.9.9'),
	('t_method', 5, 'Methods', '1.1.0', '9.9.9'),
	('t_metrictypes', 1, 'Metric Types', '1.1.0', '9.9.9'),
	('t_object', 3, 'Object Details', '1.1.0', '9.9.9'),
	('t_objectconstraint', 5, 'Object Constraints', '1.1.0', '9.9.9'),
	('t_objecteffort', 5, 'Object Effort', '1.1.0', '9.9.9'),
	('t_objectfiles', 5, 'Object Files', '1.1.0', '9.9.9'),
	('t_objectmetrics', 5, 'Object Metrics', '1.1.0', '9.9.9'),
	('t_objectproblems', 5, 'Object Problems', '1.1.0', '9.9.9'),
	('t_objectproperties', 5, 'Object Properties', '1.1.0', '9.9.9'),
	('t_objectrequires', 5, 'Object Requires', '1.1.0', '9.9.9'),
	('t_objectresource', 5, 'Object Resources', '1.1.0', '9.9.9'),
	('t_objectrisks', 5, 'Object Risks', '1.1.0', '9.9.9'),
	('t_objectscenarios', 5, 'Object Scenarios', '1.1.0', '9.9.9'),
	('t_objecttests', 5, 'Object Tests', '1.1.0', '9.9.9'),
	('t_objecttrx', 5, 'Object TRX', '1.1.0', '9.9.9'),
	('t_objecttypes', 1, 'Object Types', '3.5.0', '9.9.9'),
	('t_ocf', 1, 'OCF Values', '1.1.0', '9.9.9'),
	('t_operation', 5, 'Operations', '1.1.0', '9.9.9'),
	('t_operationparams', 6, 'Operation Parameters', '1.1.0', '9.9.9'),
	('t_operationposts', 6, 'Operation Post Conditions', '1.1.0', '9.9.9'),
	('t_operationpres', 6, 'Operation Pre Conditions', '1.1.0', '9.9.9'),
	('t_operationtag', 7, 'Operation Tag', '3.0.0', '9.9.9'),
	('t_package', 1, 'Packages', '1.1.0', '9.9.9'),
	('t_palette', 5, 'Palettes', '3.1.0', '9.9.9'),
	('t_paletteitem', 7, 'Palette Items', '3.1.0', '9.9.9'),
	('t_phase', 7, 'Phases', '3.5.0', '9.9.9'),
	('t_problemtypes', 1, 'Problem Types', '1.1.0', '9.9.9'),
	('t_projectroles', 1, 'Project Roles', '1.1.0', '9.9.9'),
	('t_propertytypes', 1, 'Property Types', '1.1.0', '9.9.9'),
	('t_requiretypes', 1, 'Require Types', '1.1.0', '9.9.9'),
	('t_resources', 1, 'Resources', '1.1.0', '9.9.9'),
	('t_risktypes', 1, 'Risk Types', '1.1.0', '9.9.9'),
	('t_roleconstraint', 0, 'Role Constraints', '1.1.0', '9.9.9'),
	('t_rtf', 7, 'RTF', '3.5.0', '9.9.9'),
	('t_rtfreport', 1, 'RTF Reports', '1.1.0', '9.9.9'),
	('t_rules', 7, 'Rules', '3.5.0', '9.9.9'),
	('t_scenariotypes', 1, 'Scenario Types', '1.1.0', '9.9.9'),
	('t_script', 7, 'Scripts', '3.5.0', '9.9.9'),
	('t_secgroup', 3, 'Security Groups', '3.5.0', '9.9.9'),
	('t_secgrouppermission', 7, 'Group Permissions', '3.5.0', '9.9.9'),
	('t_seclocks', 7, 'Security Locks', '3.5.0', '9.9.9'),
	('t_secpermission', 3, 'Permissions', '3.5.0', '9.9.9'),
	('t_secpolicies', 1, 'Security Policies', '3.5.0', '9.9.9'),
	('t_secuser', 3, 'Security User', '3.5.0', '9.9.9'),
	('t_secusergroup', 7, 'User Group', '3.5.0', '9.9.9'),
	('t_secuserpermission', 7, 'User Permissions', '3.5.0', '9.9.9'),
	('t_snapshot', 7, 'Snapshots', '3.5.0', '9.9.9'),
	('t_statustypes', 1, 'Status Types', '1.1.0', '9.9.9'),
	('t_stereotypes', 1, 'Stereotypes', '1.1.0', '9.9.9'),
	('t_taggedvalue', 7, 'Model Tagged Values', '3.5.0', '9.9.9'),
	('t_tasks', 7, 'To Do List', '3.1.0', '9.9.9'),
	('t_tcf', 1, 'TCF Values', '1.1.0', '9.9.9'),
	('t_template', 7, 'Templates', '3.5.0', '9.9.9'),
	('t_testclass', 1, 'Test Classes', '1.1.0', '9.9.9'),
	('t_testplans', 7, 'Test Plans', '3.5.0', '9.9.9'),
	('t_testtypes', 1, 'Test Types', '1.1.0', '9.9.9'),
	('t_trxtypes', 1, 'TRX Types', '1.1.0', '9.9.9'),
	('t_umlpattern', 7, 'UML Patterns', '3.5.0', '9.9.9'),
	('t_version', 7, 'Files', '3.5.0', '9.9.9'),
	('t_xref', 7, 'XRef', '3.1.0', '9.9.9'),
	('t_xrefsystem', 7, 'System XRef', '3.5.0', '9.9.9'),
	('t_xrefuser', 7, 'User XRef', '3.5.0', '9.9.9'),
	('usys_system', 7, 'System Settings', '3.1.0', '9.9.9');

INSERT INTO `usys_system` (`Property`, `Value`) VALUES
	('310_Category', '1'),
	('310_Columns', '1'),
	('310_FileTable', '1'),
	('310_Generalization', '1'),
	('310_Images', '1'),
	('310_Metafile', '2'),
	('310_Palette', '1'),
	('310_QObject', '1'),
	('310_TableList', '1'),
	('310_TableList2', '1'),
	('310_Tasks', '1'),
	('310_XREF', '1'),
	('350_AttGUID', '1'),
	('350_DataTypes', '1'),
	('350_DiagramConnectorID', '1'),
	('350_DiagramObjectID', '1'),
	('350_DocumentEX', '1'),
	('350_FeaturePos', '1'),
	('350_Flags', '1'),
	('350_IssueEx', '1'),
	('350_OpGUID', '1'),
	('350_Package', '1'),
	('350_ParamGUID', '1'),
	('350_Phases', '1'),
	('350_ResourceHours', '1'),
	('350_ResourceTables', '1'),
	('350_RoleExtra', '1'),
	('350_Scenario', '1'),
	('350_Snapshot', '1'),
	('350_Stereotype', '1'),
	('350_Styles', '1'),
	('350_SystemTaggedValues', '1'),
	('350_TableList', '1'),
	('350_TableListEx', '1'),
	('350_Tables', '1'),
	('350_TestTables', '1'),
	('350_TRXTypes', '1'),
	('350_UserSecurity', '1'),
	('Association', '1'),
	('AttID', '1'),
	('CheckObjectTypes', '1'),
	('Classifier', '1'),
	('ClassifierGUID', '1'),
	('CodeGen', '1'),
	('Const', '1'),
	('DDL', '1'),
	('DiagramLink', '1'),
	('DiagramObjectStyle', '1'),
	('EA1000Updates', '1'),
	('EA300Classifier', '1'),
	('EA300MSAccessDT', '1'),
	('EA300VBDT', '1'),
	('EA3FieldSizes', '3'),
	('EA3TableNames', '1'),
	('EA600Updates', '1'),
	('EA610Updates', '1'),
	('EA650Updates', '1'),
	('EA800Updates', '1'),
	('EA900Updates', '1'),
	('EAGUID', '1'),
	('Elem300', '1'),
	('FileDir', '$EAPDIR'),
	('Gen25Fixes', '1'),
	('GenericDataType', '1'),
	('GUID', '2'),
	('IsNavigable', '1'),
	('LangDT25', '1'),
	('LastUpdate', '404EEDE0AECE:748FB7152DCF'),
	('Namespace', '1'),
	('NodeStereo', '1'),
	('ObjectParent', '1'),
	('ObjectScope', '1'),
	('OperationCode', '1'),
	('OpPos', '1'),
	('OpsClean', '1'),
	('Orphans30', '1'),
	('PackageControl', '3'),
	('Packages', '1'),
	('ParamIDX', '1'),
	('ProjectGUID', '{E2BEA6F4-F074-48ba-B732-F10351C6BA3A}'),
	('QDF_25', '1'),
	('QueryDefs_116', '1'),
	('RoleConstraints', '1'),
	('RTFFIELDS', '1'),
	('RunState', '1'),
	('Seq_Gap', '35'),
	('Stereotypes', '1'),
	('Styles', '1'),
	('TaggedVals', '1'),
	('TPos', '2'),
	('Version', '4.01'),
	('VersionDate', 'Jan-31-2004'),
	('WebStereo', '1');
